"SITE","LINE","LEN","PRM","SEC","SITE2"
"CLMB",1,"33.75","25.5","10.5","CLMB"
"CLMB",2,"49","29","11.5","CLMB"
"CLMB",3,"39.25","31.5","11.5","CLMB"
"CLMB",4,"39","22.5","9.5","CLMB"
"CLMB",5,"22.25","22.5","9","CLMB"
"CLMB",7,"36.5","26.5","11.5","CLMB"
"CLMB",8,"*","*","*","CLMB"
"CLMB",9,"39.25","20.5","10.5","CLMB"
"CLMB",10,"*","*","*","CLMB"
"CLMB",11,"49.5","26","11","CLMB"
"CLMB",12,"46","24","12","CLMB"
"CLMB",13,"48.75","32.5","11.5","CLMB"
"CLMB",14,"*","*","*","CLMB"
"CLMB",15,"49.25","28","11.5","CLMB"
"CLMB",16,"*","*","*","CLMB"
"CLMB",17,"45.5","23","13","CLMB"
"CLMB",18,"*","*","*","CLMB"
"CLMB",19,"45.5","22.5","13","CLMB"
"CLMB",20,"36.25","23.5","12","CLMB"
"CLMB",21,"46.75","29","10.5","CLMB"
"CLMB",22,"*","*","*","CLMB"
"CLMB",23,"56.5","29","12.5","CLMB"
"CLMB",24,"38.5","29","12","CLMB"
"CLMB",25,"38.25","19.5","10.5","CLMB"
"CLMB",26,"51","35.5","14","CLMB"
"CLMB",27,"30.75","24","10.5","CLMB"
"CLMB",28,"46.25","32","10.5","CLMB"
"CLMB",29,"*","*","*","CLMB"
"CLMB",30,"42","22.5","8.5","CLMB"
"CLMB",31,"*","*","*","CLMB"
"CLMB",32,"36","24.5","10","CLMB"
"CLMB",33,"35.25","26.5","10.5","CLMB"
"CLMB",34,"42.5","28","9.5","CLMB"
"CLMB",35,"45","25.5","10.5","CLMB"
"CLMB",36,"43","18.5","13","CLMB"
"CLMB",37,"40.5","29.5","12.5","CLMB"
"CLMB",38,"33.25","27.5","11.5","CLMB"
"CLMB",39,"36.25","28.5","10.5","CLMB"
"CLMB",40,"31","29","12.5","CLMB"
"CLMB",41,"47","21","10.5","CLMB"
"CLMB",42,"32.75","22.5","11","CLMB"
"CLMB",43,"*","*","*","CLMB"
"CLMB",44,"35.5","25","11.5","CLMB"
"CLMB",46,"35.25","27","10","CLMB"
"CLMB",48,"44","23.5","10.5","CLMB"
"CLMB",49,"56.25","29","11.5","CLMB"
"CLMB",50,"33.25","29.5","12","CLMB"
"CLMB",52,"42.75","19.5","10","CLMB"
"CLMB",53,"23","24","7.5","CLMB"
"CLMB",54,"53.25","33.5","14.5","CLMB"
"CLMB",55,"34.75","22.5","10.5","CLMB"
"CLMB",56,"*","*","*","CLMB"
"CLMB",57,"48.75","21.5","11.5","CLMB"
"CLMB",59,"34.5","24","9.5","CLMB"
"CLMB",60,"28.25","18","8.5","CLMB"
"CLMB",61,"54","28.5","15","CLMB"
"CLMB",62,"44","30","13","CLMB"
"CLMB",63,"55.5","26","12","CLMB"
"CLMB",64,"*","*","*","CLMB"
"CLMB",65,"38.75","35.5","11.5","CLMB"
"CLMB",66,"38.5","28","10.5","CLMB"
"CLMB",67,"46.5","25","10.5","CLMB"
"CLMB",68,"41","32","11.5","CLMB"
"CLMB",69,"28","27.5","9","CLMB"
"CLMB",70,"*","*","*","CLMB"
"CLMB",71,"46.75","27.5","11","CLMB"
"CLMB",72,"49.25","34.5","15","CLMB"
"CLMB",73,"33","27","11.5","CLMB"
"CLMB",74,"55.5","40.5","17.5","CLMB"
"CLMB",75,"61.75","30","13.5","CLMB"
"CLMB",76,"43","24.5","10.5","CLMB"
"CLMB",77,"*","*","*","CLMB"
"CLMB",78,"49","21.5","10","CLMB"
"CLMB",79,"43.25","25","8.5","CLMB"
"CLMB",80,"45","22.5","10.5","CLMB"
"CLMB",81,"*","*","*","CLMB"
"CLMB",83,"48.5","26","10.5","CLMB"
"CLMB",84,"*","*","*","CLMB"
"CLMB",85,"42","19","9","CLMB"
"CLMB",86,"41.25","27","10.5","CLMB"
"CLMB",87,"40","25","10","CLMB"
"CLMB",88,"47","34.5","13","CLMB"
"CLMB",89,"38.25","35.5","10.5","CLMB"
"CLMB",90,"42.75","33","12.5","CLMB"
"CLMB",91,"43.75","34","11","CLMB"
"CLMB",93,"41","29.5","14","CLMB"
"CLMB",94,"33.5","32.5","11","CLMB"
"CLMB",95,"*","*","*","CLMB"
"CLMB",96,"*","*","*","CLMB"
"CLMB",97,"50","26.5","12","CLMB"
"CLMB",99,"37.5","22.5","10.5","CLMB"
"CLMB",100,"38.25","21","11","CLMB"
"CLMB",101,"*","*","*","CLMB"
"CLMB",102,"39.75","20.5","11.5","CLMB"
"CLMB",103,"48.25","33.5","15.5","CLMB"
"CLMB",104,"36.25","21.5","10","CLMB"
"CLMB",105,"46.75","23","10.5","CLMB"
"CLMB",106,"49.25","25","10","CLMB"
"CLMB",107,"48.5","26.5","11.5","CLMB"
"CLMB",110,"42.5","26.5","11","CLMB"
"CLMB",111,"32","23.5","10.5","CLMB"
"CLMB",112,"45.5","25","25","CLMB"
"CLMB",113,"50.75","30.5","14","CLMB"
"CLMB",114,"49.5","30.5","11.5","CLMB"
"CLMB",115,"*","*","*","CLMB"
"CLMB",116,"49.25","30.5","10","CLMB"
"CLMB",117,"41.5","30.5","11.5","CLMB"
"CLMB",118,"49.5","29","11","CLMB"
"CLMB",119,"44.25","30","14.5","CLMB"
"CLMB",120,"41.25","28.5","12.5","CLMB"
"CLMB",122,"40.25","28","11.5","CLMB"
"CLMB",123,"46.5","20","10.5","CLMB"
"CLMB",125,"37.5","19","9","CLMB"
"CLMB",126,"*","*","*","CLMB"
"CLMB",127,"*","*","*","CLMB"
"CLMB",128,"41.5","28.5","11","CLMB"
"CLMB",130,"51.75","20","11.5","CLMB"
"CLMB",131,"42.75","25","10","CLMB"
"CLMB",132,"50.5","23.5","12.5","CLMB"
"CLMB",134,"57.75","44","13","CLMB"
"CLMB",135,"39.25","23.5","9.5","CLMB"
"CLMB",136,"*","*","*","CLMB"
"CLMB",137,"56","31.5","13","CLMB"
"CLMB",138,"*","*","*","CLMB"
"CLMB",139,"*","*","*","CLMB"
"CLMB",141,"40.25","27.5","12.5","CLMB"
"CLMB",142,"43.75","31.5","12.5","CLMB"
"CLMB",143,"41.5","36.5","13","CLMB"
"CLMB",144,"*","*","*","CLMB"
"CLMB",145,"32.25","28","10","CLMB"
"CLMB",146,"*","*","*","CLMB"
"CLMB",147,"44.25","26.5","14","CLMB"
"CLMB",148,"*","*","*","CLMB"
"CLMB",150,"34.5","25.5","9.5","CLMB"
"CLMB",151,"52.25","28","11.5","CLMB"
"CLMB",152,"*","*","*","CLMB"
"CLMB",153,"45","34","11","CLMB"
"CLMB",154,"40","25","11.5","CLMB"
"CLMB",155,"40.5","34.5","11","CLMB"
"CLMB",156,"35.75","23.5","10","CLMB"
"CLMB",157,"30.5","18.5","9.5","CLMB"
"CLMB",158,"40.5","20","11","CLMB"
"CLMB",159,"45","31.5","14","CLMB"
"CLMB",161,"40.5","33","13.5","CLMB"
"CLMB",163,"41.25","23","10.5","CLMB"
"CLMB",164,"45.25","27","11","CLMB"
"CLMB",166,"68","40","16","CLMB"
"CLMB",167,"51","29","13","CLMB"
"CLMB",168,"48.25","32","13","CLMB"
"CLMB",169,"*","*","*","CLMB"
"CLMB",170,"50","30","12","CLMB"
"CLMB",171,"39.75","22","10.5","CLMB"
"CLMB",172,"47","34.5","16.5","CLMB"
"CLMB",173,"42","18.5","10.5","CLMB"
"CLMB",174,"38.5","24","10.5","CLMB"
"CLMB",175,"62.75","41.5","15","CLMB"
"CLMB",176,"53.5","36.5","14.5","CLMB"
"CLMB",177,"44.5","25","11","CLMB"
"CLMB",178,"53.5","34","10","CLMB"
"CLMB",179,"51","23.5","7.5","CLMB"
"CLMB",180,"46.5","29","9.5","CLMB"
"CLMB",181,"42.5","23","12","CLMB"
"CLMB",182,"41.75","25.5","12","CLMB"
"CLMB",184,"60.5","30","14.5","CLMB"
"CLMB",185,"34.5","22","11","CLMB"
"CLMB",186,"47.25","37","12.5","CLMB"
"CLMB",187,"34.25","23","11.5","CLMB"
"CLMB",188,"50.5","31.5","21","CLMB"
"CLMB",189,"*","*","*","CLMB"
"CLMB",190,"*","*","*","CLMB"
"CLMB",191,"26.25","29","10.5","CLMB"
"CLMB",192,"46.5","30.5","13.5","CLMB"
"CLMB",193,"53.25","29","11.5","CLMB"
"CLMB",194,"58.75","32","13.5","CLMB"
"CLMB",195,"44.25","23.5","11","CLMB"
"CLMB",196,"37.25","28.5","15.5","CLMB"
"CLMB",197,"29.75","21","8","CLMB"
"CLMB",198,"47.25","26.5","12.5","CLMB"
"CLMB",199,"47.25","26","13.5","CLMB"
"CLMB",200,"38.75","30","13","CLMB"
"CLMB",201,"*","*","*","CLMB"
"CLMB",203,"39.25","27","11","CLMB"
"CLMB",204,"33.5","17.5","8","CLMB"
"CLMB",205,"*","*","*","CLMB"
"CLMB",207,"38.25","23.5","8.5","CLMB"
"CLMB",208,"*","*","*","CLMB"
"CLMB",209,"40.75","26","13.5","CLMB"
"CLMB",210,"51.5","29","15.5","CLMB"
"CLMB",211,"46.5","24.5","10","CLMB"
"CLMB",212,"35","22.5","9.5","CLMB"
"CLMB",213,"59.25","25","10.5","CLMB"
"CLMB",214,"*","*","*","CLMB"
"CLMB",215,"36.25","34.5","13","CLMB"
"CLMB",216,"38.75","38","20","CLMB"
"CLMB",217,"*","*","*","CLMB"
"CLMB",218,"43.25","32.5","13.5","CLMB"
"CLMB",219,"42.5","28.5","13.5","CLMB"
"CLMB",220,"*","*","*","CLMB"
"CLMB",221,"34.5","24","9.5","CLMB"
"CLMB",222,"55","25","11","CLMB"
"CLMB",223,"40.5","26.5","12","CLMB"
"CLMB",224,"48","27","12.5","CLMB"
"CLMB",225,"36.5","23","11.5","CLMB"
"CLMB",226,"41.75","34.5","11.5","CLMB"
"CLMB",227,"43","28.5","11.5","CLMB"
"CLMB",228,"39.75","23.5","11","CLMB"
"CLMB",229,"54.25","34.5","14","CLMB"
"CLMB",230,"*","*","*","CLMB"
"CLMB",231,"43.5","25","11.5","CLMB"
"CLMB",232,"37.5","32.5","16","CLMB"
"CLMB",233,"52.75","27","12","CLMB"
"CLMB",234,"30.5","23","9.5","CLMB"
"CLMB",235,"40.875","30.5","11.75","CLMB"
"CLMB",236,"45.75","26","11.5","CLMB"
"CLMB",237,"52.5","25.5","14.5","CLMB"
"CLMB",238,"44.25","33.5","12.5","CLMB"
"CLMB",239,"47.25","26","13","CLMB"
"CLMB",240,"36.5","33.5","12","CLMB"
"CLMB",241,"43.5","23","12","CLMB"
"CLMB",242,"32.75","20.5","10","CLMB"
"CLMB",243,"44.25","22","13.5","CLMB"
"CLMB",244,"49.5","37","12.5","CLMB"
"CLMB",245,"44.75","27","11","CLMB"
"CLMB",246,"45.75","23","10","CLMB"
"CLMB",247,"49.75","35.5","17","CLMB"
"CLMB",248,"47","30","11","CLMB"
"CLMB",249,"47.75","30.5","17.5","CLMB"
"CLMB",250,"50.25","35","15","CLMB"
"CLMB",251,"48","*","11","CLMB"
"CLMB",252,"43","26.5","10.5","CLMB"
"CLMB",253,"34.5","27","8","CLMB"
"CLMB",254,"40.5","25","25","CLMB"
"CLMB",255,"42.5","24","11","CLMB"
"CLMB",256,"47.75","31","12.5","CLMB"
"CLMB",257,"38.75","28.5","11.5","CLMB"
"CLMB",258,"50.5","23","10.5","CLMB"
"CLMB",259,"*","*","*","CLMB"
"CLMB",260,"38.25","32","11.5","CLMB"
"CLMB",261,"38.75","25","11.5","CLMB"
"CLMB",262,"51.25","35","15","CLMB"
"CLMB",263,"47.25","32.5","12","CLMB"
"CLMB",264,"44.25","22.5","12","CLMB"
"CLMB",265,"33","25.5","10.5","CLMB"
"CLMB",267,"46","31","14","CLMB"
"CLMB",268,"*","*","*","CLMB"
"CLMB",269,"35.75","24","9","CLMB"
"CLMB",270,"46.75","42.5","17.5","CLMB"
"CLMB",271,"37.25","33","12","CLMB"
"CLMB",272,"42.75","28.5","12","CLMB"
"CLMB",273,"*","*","*","CLMB"
"CLMB",274,"43.25","35","10","CLMB"
"CLMB",275,"41.75","21","9.5","CLMB"
"CLMB",276,"*","*","*","CLMB"
"CLMB",277,"43.5","29","14","CLMB"
"CLMB",278,"34.5","29","11","CLMB"
"CLMB",279,"36.5","19","9.5","CLMB"
"CLMB",281,"*","*","*","CLMB"
"CLMB",282,"28.625","22.25","9.75","CLMB"
"CLMB",283,"*","*","*","CLMB"
"CLMB",284,"54","16","11","CLMB"
"CLMB",285,"51.25","36","17","CLMB"
"CLMB",286,"38.25","25.5","11","CLMB"
"CLMB",287,"39.5","21.5","13.5","CLMB"
"CLMB",288,"37","32.5","15","CLMB"
"CLMB",289,"45.75","31","14","CLMB"
"CLMB",290,"52.25","29","11.5","CLMB"
"CLMB",292,"42.5","27","11.5","CLMB"
"CLMB",293,"34.5","19","9.5","CLMB"
"CLMB",294,"39.5","18","10.5","CLMB"
"CLMB",296,"48.25","37.5","14.5","CLMB"
"CLMB",297,"40","23.5","12","CLMB"
"CLMB",298,"38","30.5","12","CLMB"
"CLMB",299,"42.5","26","11","CLMB"
"CLMB",300,"*","*","*","CLMB"
"CLMB",301,"41.5","27","13.5","CLMB"
"CLMB",302,"38.25","23.5","11","CLMB"
"CLMB",303,"51","29","13","CLMB"
"CLMB",304,"40.25","21.5","9.5","CLMB"
"CLMB",305,"37.75","28","13","CLMB"
"CLMB",306,"*","*","*","CLMB"
"CLMB",307,"35.5","25","10","CLMB"
"CLMB",308,"45.25","26.5","13.5","CLMB"
"CLMB",310,"35.5","24","15","CLMB"
"CLMB",311,"37.25","30","12","CLMB"
"CLMB",312,"30","36","12","CLMB"
"CLMB",313,"40.25","26","12","CLMB"
"CLMB",314,"35.5","21.5","11","CLMB"
"CLMB",315,"35","25.5","11.5","CLMB"
"CLMB",317,"30.75","22","8","CLMB"
"CLMB",318,"46.25","23","12","CLMB"
"CLMB",319,"45.75","31","15.5","CLMB"
"CLMB",320,"50.75","25.5","10.5","CLMB"
"CLMB",322,"53.5","34.5","15.5","CLMB"
"CLMB",323,"39","28","10","CLMB"
"CLMB",324,"42","27.5","13","CLMB"
"CLMB",325,"39.5","27","11.5","CLMB"
"CLMB",326,"42.75","35.5","11","CLMB"
"CLMB",328,"52.75","34","13.5","CLMB"
"CLMB",330,"38.5","20.5","10","CLMB"
"CLMB",332,"45.5","25","11.5","CLMB"
"CLMB",333,"48","35","15","CLMB"
"CLMB",334,"53","28.5","11.5","CLMB"
"CLMB",335,"*","*","*","CLMB"
"CLMB",336,"53","30.5","14","CLMB"
"CLMB",337,"42.25","21.5","10.5","CLMB"
"CLMB",338,"40.5","27.5","11.5","CLMB"
"CLMB",339,"43.5","31","14","CLMB"
"CLMB",340,"*","*","*","CLMB"
"CLMB",341,"39","25.5","10.5","CLMB"
"CLMB",342,"36","19.5","9.5","CLMB"
"CLMB",343,"42.5","23","11","CLMB"
"CLMB",345,"44.75","18.5","10.5","CLMB"
"CLMB",346,"*","*","*","CLMB"
"CLMB",347,"39.25","31.5","13","CLMB"
"CLMB",349,"*","*","*","CLMB"
"CLMB",350,"51","34","11","CLMB"
"CLMB",352,"44.25","20.5","10.5","CLMB"
"CLMB",353,"44.25","31","11","CLMB"
"CLMB",354,"32.75","36","12","CLMB"
"CLMB",355,"45.5","22","9","CLMB"
"CLMB",356,"38","18.5","10.5","CLMB"
"CLMB",358,"33.5","22","9","CLMB"
"CLMB",359,"43.75","28.5","10.5","CLMB"
"CLMB",360,"33","21.5","10.5","CLMB"
"CLMB",361,"36","29.5","10","CLMB"
"CLMB",363,"*","*","*","CLMB"
"CLMB",364,"53","34.5","15","CLMB"
"CLMB",365,"43.75","22.5","11.5","CLMB"
"CLMB",366,"58","24","12","CLMB"
"CLMB",367,"46.25","29","11.5","CLMB"
"CLMB",368,"33.75","20.5","8.5","CLMB"
"CLMB",369,"*","*","*","CLMB"
"CLMB",370,"46.75","32","12","CLMB"
"CLMB",371,"44.25","28","10","CLMB"
"CLMB",372,"*","*","*","CLMB"
"CLMB",373,"48","21.5","11","CLMB"
"CLMB",374,"37.25","24.5","12","CLMB"
"CLMB",375,"43","30","11","CLMB"
"CLMB",377,"45","33","9.5","CLMB"
"CLMB",378,"55","24","12.5","CLMB"
"CLMB",379,"43","27.5","13.5","CLMB"
"CLMB",380,"45.25","34.5","15.5","CLMB"
"CLMB",381,"38.5","32","12","CLMB"
"CLMB",382,"45.75","19.5","11.5","CLMB"
"CLMB",383,"38.5","33","10","CLMB"
"CLMB",384,"*","*","*","CLMB"
"CLMB",386,"43.75","24.5","10.5","CLMB"
"CLMB",388,"42.5","22.5","11.5","CLMB"
"CLMB",389,"36.25","27","13.5","CLMB"
"CLMB",390,"44.5","29","12","CLMB"
"CLMB",391,"*","*","*","CLMB"
"CLMB",392,"47.25","29","12.5","CLMB"
"CLMB",393,"49.25","26","12.5","CLMB"
"CLMB",394,"*","*","*","CLMB"
"CLMB",395,"37.25","27","12.5","CLMB"
"CLMB",396,"46.5","28.5","13.5","CLMB"
"CLMB",397,"48","32","12","CLMB"
"CLMB",398,"50.75","32","16","CLMB"
"CLMB",399,"48.25","20","10","CLMB"
"CLMB",400,"44.75","31.5","11.5","CLMB"
"CLMB",402,"59.75","28.5","13","CLMB"
"CLMB",403,"42.75","30.5","12","CLMB"
"CLMB",404,"51","32","13","CLMB"
"CLMB",405,"28.5","15","9.5","CLMB"
"CLMB",406,"54.5","27","13.5","CLMB"
"CLMB",407,"55.25","29","11.5","CLMB"
"CLMB",408,"36.25","26","11.5","CLMB"
"CLMB",409,"30.5","24","8","CLMB"
"CLMB",410,"31.75","23.5","9.5","CLMB"
"CLMB",411,"42.75","22","9.5","CLMB"
"CLMB",412,"44","30","14.5","CLMB"
"CLMB",413,"51","26","13","CLMB"
"CLMB",414,"44","25","12.5","CLMB"
"CLMB",415,"35.75","17.5","9","CLMB"
"CLMB",416,"*","*","*","CLMB"
"CLMB",417,"41.75","28.5","13","CLMB"
"CLMB",418,"40.75","24.5","9.5","CLMB"
"CLMB",419,"46.25","28.5","12","CLMB"
"CLMB",420,"48.5","28.5","11.5","CLMB"
"CLMB",421,"35","28","10.5","CLMB"
"CLMB",422,"33.25","19.5","8.5","CLMB"
"CLMB",423,"34","24.5","11","CLMB"
"CLMB",424,"52.5","34.5","15","CLMB"
"CLMB",425,"47.5","24","11.5","CLMB"
"CLMB",426,"36.5","23.5","10","CLMB"
"CLMB",427,"*","*","*","CLMB"
"CLMB",428,"38.5","26.5","10","CLMB"
"CLMB",429,"46.25","22.5","9.5","CLMB"
"CLMB",431,"41.5","30","12","CLMB"
"CLMB",432,"41.25","23.5","11.5","CLMB"
"CLMB",433,"38","25.5","11.5","CLMB"
"CLMB",435,"55","37.5","12.5","CLMB"
"CLMB",436,"54.75","28","12.5","CLMB"
"CLMB",437,"25","24","8.5","CLMB"
"CLMB",438,"38.25","28","12.5","CLMB"
"CLMB",439,"37.5","20","9","CLMB"
"CLMB",440,"*","*","*","CLMB"
"CLMB",442,"50","25.5","10.5","CLMB"
"CLMB",443,"33.75","27.5","13","CLMB"
"CLMB",444,"47.5","37","12.5","CLMB"
"CLMB",445,"41","23","12","CLMB"
"CLMB",446,"34.25","23.5","11","CLMB"
"CLMB",447,"45.5","40.5","16.5","CLMB"
"CLMB",448,"41","27","8.5","CLMB"
"CLMB",449,"28.5","21","7","CLMB"
"CLMB",450,"44.25","21.5","10.5","CLMB"
"CLMB",451,"48.5","22.5","11","CLMB"
"CLMB",452,"45.25","24.5","11.5","CLMB"
"CLMB",453,"43.25","35","17","CLMB"
"CLMB",454,"49.25","28","13.5","CLMB"
"CLMB",455,"43.5","26","12.5","CLMB"
"CLMB",456,"56.5","27.5","13","CLMB"
"CLMB",458,"47.25","21.5","12.5","CLMB"
"CLMB",459,"49.75","23.5","12","CLMB"
"CLMB",460,"46","26.5","9.5","CLMB"
"CLMB",461,"49.5","31","12","CLMB"
"CLMB",462,"51.75","29.5","13","CLMB"
"CLMB",463,"43.25","37.5","15","CLMB"
"CLMB",464,"58","25","12","CLMB"
"CLMB",465,"50.75","28.5","11","CLMB"
"CLMB",466,"32.75","29","9","CLMB"
"CLMB",467,"*","*","*","CLMB"
"CLMB",468,"46.5","25","12","CLMB"
"CLMB",469,"*","*","*","CLMB"
"CLMB",470,"56.25","27","11","CLMB"
"CLMB",471,"38.25","40.25","13","CLMB"
"CLMB",472,"37.75","24","11.5","CLMB"
"CLMB",473,"53.75","34.5","14.5","CLMB"
"CLMB",474,"43","27.5","11.5","CLMB"
"CLMB",475,"53.5","23.5","11.5","CLMB"
"CLMB",476,"34.75","21.5","8.5","CLMB"
"CLMB",477,"32.5","24.5","8.5","CLMB"
"CLMB",479,"48.75","26.5","11.5","CLMB"
"CLMB",480,"44.25","27","10.5","CLMB"
"CLMB",482,"45.5","25.5","10.5","CLMB"
"CLMB",483,"36.75","23","10","CLMB"
"CLMB",484,"28.25","19","9","CLMB"
"CLMB",485,"44.5","25","10.5","CLMB"
"CLMB",486,"42.25","29","10","CLMB"
"CLMB",487,"55.75","35","12","CLMB"
"CLMB",488,"39.5","22","10.5","CLMB"
"CLMB",489,"45.75","31","11.5","CLMB"
"CLMB",491,"46.75","27.5","10.5","CLMB"
"CLMB",492,"44.25","25","11","CLMB"
"CLMB",493,"*","*","*","CLMB"
"CLMB",494,"43","32.5","11","CLMB"
"CLMB",495,"*","*","*","CLMB"
"CLMB",496,"41.5","29.5","12","CLMB"
"CLMB",497,"34.5","19.5","9","CLMB"
"CLMB",498,"40.5","26","11.5","CLMB"
"CLMB",499,"49.25","25.5","10","CLMB"
"CLMB",500,"45.5","12.5","12","CLMB"
"CLMB",501,"29.5","24","9.5","CLMB"
"CLMB",502,"37.5","28","11","CLMB"
"CLMB",503,"45.25","30","13.5","CLMB"
"CLMB",504,"*","*","*","CLMB"
"CLMB",505,"44","25","9.5","CLMB"
"CLMB",506,"58.75","29","15","CLMB"
"CLMB",507,"46.5","33","14","CLMB"
"CLMB",508,"44.5","32","12","CLMB"
"CLMB",511,"49.5","27","12","CLMB"
"CLMB",512,"32.75","19.5","9","CLMB"
"CLMB",513,"*","*","*","CLMB"
"CLMB",514,"63.75","26","14.5","CLMB"
"CLMB",515,"34.5","21","9.5","CLMB"
"CLMB",516,"42.25","27","9","CLMB"
"CLMB",518,"*","*","*","CLMB"
"CLMB",519,"42.75","36","12.5","CLMB"
"CLMB",520,"*","*","*","CLMB"
"CLMB",521,"40.5","18","11","CLMB"
"CLMB",522,"51.5","20","11","CLMB"
"CLMB",523,"52","27.5","12.5","CLMB"
"CLMB",524,"49.75","27.5","12.5","CLMB"
"CLMB",525,"40.5","23","12","CLMB"
"CLMB",526,"39","23.5","10.5","CLMB"
"CLMB",527,"37.75","23.5","12","CLMB"
"CLMB",529,"48","27","13","CLMB"
"CLMB",530,"35.75","21","10","CLMB"
"CLMB",531,"38.75","23.5","9.5","CLMB"
"CLMB",532,"40.75","22.5","11.5","CLMB"
"CLMB",533,"17","13","6","CLMB"
"CLMB",534,"33.75","24","10","CLMB"
"CLMB",535,"48.5","31.5","13","CLMB"
"CLMB",536,"42","21","10.5","CLMB"
"CLMB",537,"38","37","17.5","CLMB"
"CLMB",539,"45.25","29","11","CLMB"
"CLMB",540,"34","29","10","CLMB"
"CLMB",541,"36.75","25.5","13","CLMB"
"CLMB",542,"47.5","33","15","CLMB"
"CLMB",544,"47.5","28","11.5","CLMB"
"CLMB",545,"46.75","41.5","14","CLMB"
"CLMB",546,"31","30","11","CLMB"
"CLMB",547,"49","38","10","CLMB"
"CLMB",548,"35.75","20","11","CLMB"
"CLMB",549,"47.5","37","15","CLMB"
"CLMB",551,"*","*","*","CLMB"
"CLMB",552,"44.75","31.5","11","CLMB"
"CLMB",553,"44.75","32","18.5","CLMB"
"CLMB",555,"53","28.5","12","CLMB"
"CLMB",556,"*","*","*","CLMB"
"CLMB",557,"*","*","*","CLMB"
"CLMB",558,"50.75","34","11.5","CLMB"
"CLMB",559,"43.75","30.5","11","CLMB"
"CLMB",560,"*","*","*","CLMB"
"CLMB",562,"47","27.5","12","CLMB"
"CLMB",563,"39.75","31.5","10.5","CLMB"
"CLMB",564,"32","21.5","9","CLMB"
"CLMB",565,"38.25","33","12.5","CLMB"
"CLMB",566,"39","28","11.5","CLMB"
"CLMB",567,"44","25.5","10.5","CLMB"
"CLMB",569,"38","23.5","9.5","CLMB"
"CLMB",570,"48.25","24.5","11.5","CLMB"
"CLMB",571,"52","24.5","9","CLMB"
"CLMB",572,"34.75","18","9.5","CLMB"
"CLMB",573,"41.5","29","11.5","CLMB"
"CLMB",574,"41.25","21.5","10.5","CLMB"
"CLMB",576,"44.25","26","12","CLMB"
"CLMB",577,"*","*","*","CLMB"
"CLMB",578,"24.5","17","6.5","CLMB"
"CLMB",579,"47.5","29.5","9.5","CLMB"
"CLMB",580,"*","*","*","CLMB"
"CLMB",581,"30.25","30","11","CLMB"
"CLMB",583,"39.5","27","12","CLMB"
"CLMB",584,"47","30","12.5","CLMB"
"CLMB",585,"37","24.5","9","CLMB"
"CLMB",586,"38","25","11","CLMB"
"CLMB",588,"55.25","33","12.5","CLMB"
"CLMB",589,"47","28","11.5","CLMB"
"CLMB",592,"34.5","31","10.5","CLMB"
"CLMB",593,"40","27","11.5","CLMB"
"CLMB",594,"54.75","36.5","15.5","CLMB"
"CLMB",595,"47.5","24","11","CLMB"
"CLMB",596,"44.25","24","11","CLMB"
"CLMB",597,"*","*","*","CLMB"
"CLMB",598,"*","*","*","CLMB"
"CLMB",599,"52","33.5","14.5","CLMB"
"CLMB",600,"42.75","32.5","13","CLMB"
"CLMB",601,"*","*","*","CLMB"
"CLMB",602,"55.25","31","13","CLMB"
"CLMB",603,"*","*","*","CLMB"
"CLMB",604,"34","32.5","11","CLMB"
"CLMB",605,"44.75","28","12.5","CLMB"
"CLMB",606,"52.25","23.5","14","CLMB"
"CLMB",608,"40.5","23.5","11.5","CLMB"
"CLMB",609,"35.25","29","12.5","CLMB"
"CLMB",610,"46.5","31","12.5","CLMB"
"CLMB",611,"43.5","26.5","12.5","CLMB"
"CLMB",612,"39","23","12","CLMB"
"CLMB",613,"41.5","21","14.5","CLMB"
"CLMB",614,"52.5","30","12.5","CLMB"
"CLMB",618,"42","30.5","12","CLMB"
"CLMB",619,"41.5","30","12","CLMB"
"CLMB",620,"40.75","23","9","CLMB"
"CLMB",621,"49.75","34.5","10.5","CLMB"
"CLMB",622,"41.75","28","11.5","CLMB"
"CLMB",623,"46.75","28","12","CLMB"
"CLMB",624,"41.25","26.5","15.5","CLMB"
"CLMB",625,"25.75","16","6","CLMB"
"CLMB",627,"28.75","18","8","CLMB"
"CLMB",628,"*","*","*","CLMB"
"CLMB",629,"46.5","28","12","CLMB"
"CLMB",630,"*","*","*","CLMB"
"CLMB",632,"44.25","26","12.5","CLMB"
"CLMB",633,"32.75","25.5","9","CLMB"
"CLMB",634,"47","28","13.5","CLMB"
"CLMB",635,"42.5","28","13","CLMB"
"CLMB",636,"40.25","26.5","10","CLMB"
"CLMB",637,"48.5","30","14.5","CLMB"
"CLMB",638,"43","27.5","13","CLMB"
"CLMB",639,"32.5","22","11","CLMB"
"CLMB",640,"52.25","31.5","13","CLMB"
"CLMB",641,"44","34","12.5","CLMB"
"CLMB",642,"48.75","26","11.5","CLMB"
"CLMB",643,"34.25","21.5","9.5","CLMB"
"CLMB",644,"*","*","*","CLMB"
"CLMB",645,"51.5","28","11.5","CLMB"
"CLMB",647,"39.75","23","9","CLMB"
"CLMB",648,"*","*","*","CLMB"
"CLMB",649,"43.5","27.5","11","CLMB"
"CLMB",652,"42.75","24.5","10","CLMB"
"CLMB",654,"42.75","19","8.5","CLMB"
"CLMB",655,"55.5","33","14","CLMB"
"CLMB",656,"34","27.5","9","CLMB"
"CLMB",657,"47.25","22.5","13","CLMB"
"CLMB",658,"47","23.5","12","CLMB"
"CLMB",660,"41.5","30.5","13","CLMB"
"CLMB",661,"50.5","27","14.5","CLMB"
"CLMB",663,"33.5","27.5","8.5","CLMB"
"CLMB",664,"42.5","29.5","11.5","CLMB"
"CLMB",666,"42","27","10.5","CLMB"
"CLMB",667,"46","19","12","CLMB"
"CLMB",668,"45.75","22","12.5","CLMB"
"CLMB",669,"35.75","21","10.5","CLMB"
"CLMB",670,"*","*","*","CLMB"
"CLMB",671,"38.5","29.5","11","CLMB"
"CLMB",672,"45.5","26","11.5","CLMB"
"CLMB",673,"44.25","24","12","CLMB"
"CLMB",674,"51.75","31","12","CLMB"
"CLMB",675,"32.75","28","10","CLMB"
"CLMB",677,"49.5","27.5","14","CLMB"
"CLMB",679,"*","*","*","CLMB"
"CLMB",680,"32.75","24.5","10","CLMB"
"CLMB",681,"49.5","24","12.5","CLMB"
"CLMB",682,"38.25","25","10.5","CLMB"
"CLMB",683,"48.5","32","12.5","CLMB"
"CLMB",684,"52","36","12","CLMB"
"CLMB",685,"45","25.5","11","CLMB"
"CLMB",686,"51.25","26","13","CLMB"
"CLMB",689,"40.5","18.5","11.5","CLMB"
"CLMB",690,"42.5","27.5","12","CLMB"
"CLMB",691,"46.5","20.5","9.5","CLMB"
"CLMB",692,"47.75","36","14","CLMB"
"CLMB",693,"37.75","28","10","CLMB"
"CLMB",694,"20.5","20.5","11.5","CLMB"
"CLMB",695,"37.5","22.5","10.5","CLMB"
"CLMB",696,"37.5","25","11","CLMB"
"CLMB",697,"40","17.5","7.5","CLMB"
"CLMB",698,"44.75","29","13.5","CLMB"
"CLMB",699,"41.25","28","11.5","CLMB"
"CLMB",700,"37.75","25","11","CLMB"
"CLMB",702,"36.5","23","9","CLMB"
"CLMB",703,"42.75","18.5","11.5","CLMB"
"CLMB",704,"44.75","31.5","13","CLMB"
"CLMB",705,"43.75","21","12","CLMB"
"CLMB",706,"45","21.5","12.5","CLMB"
"CLMB",707,"40","20.5","9.5","CLMB"
"CLMB",708,"*","*","*","CLMB"
"CLMB",710,"51","34","17.5","CLMB"
"CLMB",711,"47.25","28","11.5","CLMB"
"CLMB",712,"42.75","22.5","10.5","CLMB"
"CLMB",713,"40.25","23","11","CLMB"
"CLMB",714,"38.75","26","14","CLMB"
"CLMB",715,"52","28.5","12","CLMB"
"CLMB",716,"49.25","23","11","CLMB"
"CLMB",718,"41.25","25.5","10","CLMB"
"CLMB",719,"45.5","31.6666666666667","13.25","CLMB"
"CLMB",720,"49.25","30","12.5","CLMB"
"CLMB",721,"*","*","*","CLMB"
"CLMB",722,"40.75","26","11","CLMB"
"CLMB",723,"*","*","*","CLMB"
"CLMB",724,"46.25","30.5","11","CLMB"
"CLMB",725,"40.75","24.5","10","CLMB"
"CLMB",726,"42.5","25","8.5","CLMB"
"CLMB",729,"38.5","23","11.5","CLMB"
"CLMB",730,"37.25","24.5","10.5","CLMB"
"CLMB",731,"50.5","28.5","15.5","CLMB"
"CLMB",732,"*","*","*","CLMB"
"CLMB",733,"51","30","12","CLMB"
"CLMB",734,"48.5","38.5","13","CLMB"
"CLMB",735,"46.25","42","14.5","CLMB"
"CLMB",736,"47.75","31.5","13","CLMB"
"CLMB",737,"50","31","11","CLMB"
"CLMB",738,"43.5","26.5","11.5","CLMB"
"CLMB",739,"44","33.5","18","CLMB"
"CLMB",740,"40.5","30","11","CLMB"
"CLMB",742,"43.75","23.5","14","CLMB"
"CLMB",743,"34.75","13.5","11","CLMB"
"CLMB",744,"48.75","35","14","CLMB"
"CLMB",745,"48.5","23","11.5","CLMB"
"CLMB",746,"33.75","23","11","CLMB"
"CLMB",748,"47.75","26.5","12.5","CLMB"
"CLMB",749,"49.75","25","19.5","CLMB"
"CLMB",750,"37.25","26.5","13","CLMB"
"CLMB",751,"59","26","11.5","CLMB"
"CLMB",752,"29","24","9","CLMB"
"CLMB",753,"45.75","33.5","16.5","CLMB"
"CLMB",755,"45","25","11","CLMB"
"CLMB",756,"48.5","31","14.5","CLMB"
"CLMB",757,"47","34","19","CLMB"
"CLMB",758,"45.75","29.5","16","CLMB"
"CLMB",759,"43.25","28","11","CLMB"
"CLMB",760,"41.375","28.5","16.75","CLMB"
"CLMB",761,"45.25","26","13.5","CLMB"
"CLMB",762,"39.25","22.5","10.5","CLMB"
"CLMB",763,"35.25","21.5","9.5","CLMB"
"CLMB",764,"41.5","23.5","12","CLMB"
"CLMB",765,"16.75","31.5","15.5","CLMB"
"CLMB",766,"35.25","26","12.5","CLMB"
"CLMB",767,"48","30.5","13","CLMB"
"CLMB",768,"36","22.5","10","CLMB"
"CLMB",769,"*","*","*","CLMB"
"CLMB",770,"41.5","29","10.5","CLMB"
"CLMB",771,"40","26.5","9.5","CLMB"
"CLMB",772,"43.25","22","12","CLMB"
"CLMB",773,"48","24.5","11.5","CLMB"
"CLMB",774,"30.25","24","9","CLMB"
"CLMB",775,"34.5","20","9","CLMB"
"CLMB",776,"40.5","28","12","CLMB"
"CLMB",777,"36.5","21","10","CLMB"
"CLMB",778,"42.75","29","8.5","CLMB"
"CLMB",779,"34.25","25.5","25.5","CLMB"
"CLMB",780,"60.5","31","14.5","CLMB"
"CLMB",781,"44","25","10.5","CLMB"
"CLMB",782,"38.25","28.5","11","CLMB"
"CLMB",783,"54.5","45.5","13.5","CLMB"
"CLMB",784,"45","30.5","14.5","CLMB"
"CLMB",785,"42.75","27","10.5","CLMB"
"CLMB",786,"36","30.5","10.5","CLMB"
"CLMB",787,"51.5","39","16.5","CLMB"
"CLMB",788,"48.75","31","9","CLMB"
"CLMB",789,"41.75","24","11.5","CLMB"
"CLMB",790,"50","33.5","12.5","CLMB"
"CLMB",792,"56.75","37.5","12","CLMB"
"CLMB",794,"43","29.5","11","CLMB"
"CLMB",795,"32","27","11","CLMB"
"CLMB",796,"37","29.5","10","CLMB"
"CLMB",797,"36","21","12","CLMB"
"CLMB",799,"57.25","26","13.5","CLMB"
"CLMB",800,"39","22.5","8","CLMB"
"CLMB",801,"44.75","26.5","15.5","CLMB"
"CLMB",802,"48.25","38","15.5","CLMB"
"CLMB",803,"31.5","26","9.5","CLMB"
"CLMB",804,"39.75","22","10","CLMB"
"CLMB",805,"36","29","10.5","CLMB"
"CLMB",806,"35.25","31.5","12.5","CLMB"
"CLMB",808,"32.5","26.5","10.5","CLMB"
"CLMB",809,"33.75","30.5","11.5","CLMB"
"CLMB",810,"42.75","29.5","11.5","CLMB"
"CLMB",811,"37.25","26","11","CLMB"
"CLMB",812,"38","29","11.5","CLMB"
"CLMB",813,"*","*","*","CLMB"
"CLMB",814,"43.5","24","10","CLMB"
"CLMB",815,"33.5","27","10.5","CLMB"
"CLMB",816,"46","31.5","12.5","CLMB"
"CLMB",817,"43.75","30.5","11","CLMB"
"CLMB",818,"48.25","28.5","12.5","CLMB"
"CLMB",819,"56.25","31","18","CLMB"
"CLMB",820,"43.75","18.5","9","CLMB"
"CLMB",821,"40.5","22.5","12","CLMB"
"CLMB",822,"40.25","21.5","13","CLMB"
"CLMB",823,"44","31","10.5","CLMB"
"CLMB",824,"44.5","36.5","14","CLMB"
"CLMB",825,"39","25.5","13.5","CLMB"
"KBSM",1,"38.5","27","12.5","KBSM"
"KBSM",2,"41","27","12.5","KBSM"
"KBSM",3,"34","33","10.5","KBSM"
"KBSM",4,"39.75","23.5","12","KBSM"
"KBSM",5,"45.5","28.5","13","KBSM"
"KBSM",7,"32.75","26","12.5","KBSM"
"KBSM",8,"41.75","28.5","14.5","KBSM"
"KBSM",9,"37.75","20","11","KBSM"
"KBSM",10,"42.25","22.5","12","KBSM"
"KBSM",11,"44.25","31","14.5","KBSM"
"KBSM",12,"47.75","27","12.5","KBSM"
"KBSM",13,"*","*","*","KBSM"
"KBSM",14,"40","31","13","KBSM"
"KBSM",15,"41.75","31","17","KBSM"
"KBSM",16,"*","*","*","KBSM"
"KBSM",17,"44.5","23.5","14.5","KBSM"
"KBSM",18,"40.25","21.5","12.5","KBSM"
"KBSM",19,"47.75","22","13","KBSM"
"KBSM",20,"37","26","14","KBSM"
"KBSM",21,"*","*","*","KBSM"
"KBSM",22,"42.25","22","12","KBSM"
"KBSM",23,"55.75","29","15","KBSM"
"KBSM",24,"*","*","*","KBSM"
"KBSM",25,"40","22","13","KBSM"
"KBSM",26,"54.5","33","18.5","KBSM"
"KBSM",27,"*","*","*","KBSM"
"KBSM",28,"49","29.5","13.5","KBSM"
"KBSM",29,"43.25","31","14.5","KBSM"
"KBSM",30,"52.5","26.5","12","KBSM"
"KBSM",31,"37.75","24.5","11.5","KBSM"
"KBSM",32,"53.5","27","14","KBSM"
"KBSM",33,"43.75","28.5","13","KBSM"
"KBSM",34,"42","31","14","KBSM"
"KBSM",35,"48.25","28","14.5","KBSM"
"KBSM",36,"49.5","33","19.5","KBSM"
"KBSM",37,"37.75","29.5","14.5","KBSM"
"KBSM",38,"34.25","28","14","KBSM"
"KBSM",39,"39","35.5","14.5","KBSM"
"KBSM",40,"46","30","14.5","KBSM"
"KBSM",41,"45.5","21","12","KBSM"
"KBSM",42,"35.5","27","12","KBSM"
"KBSM",43,"41.25","28.5","13","KBSM"
"KBSM",44,"31.25","25.5","13","KBSM"
"KBSM",46,"42.75","30","14","KBSM"
"KBSM",48,"41.5","26.5","14.5","KBSM"
"KBSM",49,"*","*","*","KBSM"
"KBSM",50,"*","*","*","KBSM"
"KBSM",52,"39","19.5","12","KBSM"
"KBSM",53,"31.5","29.5","13.5","KBSM"
"KBSM",54,"53.75","35","18","KBSM"
"KBSM",55,"39.5","25.5","14","KBSM"
"KBSM",56,"49.75","24","13.5","KBSM"
"KBSM",57,"53.75","24.5","13.5","KBSM"
"KBSM",59,"*","*","*","KBSM"
"KBSM",60,"*","*","*","KBSM"
"KBSM",61,"47.5","25.5","17","KBSM"
"KBSM",62,"51.75","31","17","KBSM"
"KBSM",63,"*","*","*","KBSM"
"KBSM",64,"31.25","25.5","11","KBSM"
"KBSM",65,"42","36","15","KBSM"
"KBSM",66,"56.5","27.5","15.5","KBSM"
"KBSM",67,"39","26.5","13","KBSM"
"KBSM",68,"42.75","31","19.5","KBSM"
"KBSM",69,"35.75","33","14.5","KBSM"
"KBSM",70,"49","27","13.5","KBSM"
"KBSM",71,"*","*","*","KBSM"
"KBSM",72,"41.5","33.5","15","KBSM"
"KBSM",73,"37","29","16.5","KBSM"
"KBSM",74,"51.5","39","23.5","KBSM"
"KBSM",75,"*","*","*","KBSM"
"KBSM",76,"*","*","*","KBSM"
"KBSM",77,"*","*","*","KBSM"
"KBSM",78,"54.75","35","13.5","KBSM"
"KBSM",79,"45.5","25","14.5","KBSM"
"KBSM",80,"44.75","27","11","KBSM"
"KBSM",81,"42.75","19","13","KBSM"
"KBSM",83,"43.5","27.5","12","KBSM"
"KBSM",84,"*","*","*","KBSM"
"KBSM",85,"49.25","21","11.5","KBSM"
"KBSM",86,"47.75","33","15","KBSM"
"KBSM",87,"33.5","28.5","12","KBSM"
"KBSM",88,"47","38","18.5","KBSM"
"KBSM",89,"48.25","36.5","13.5","KBSM"
"KBSM",90,"42","32.5","13.5","KBSM"
"KBSM",91,"47.75","33.5","18.5","KBSM"
"KBSM",93,"37.5","26.5","14","KBSM"
"KBSM",94,"38.25","31","11.5","KBSM"
"KBSM",95,"39.5","23","12.5","KBSM"
"KBSM",96,"37","26","11","KBSM"
"KBSM",97,"55","31","14.5","KBSM"
"KBSM",99,"41.25","26.5","12","KBSM"
"KBSM",100,"48.5","27.5","13","KBSM"
"KBSM",101,"44","24.5","12","KBSM"
"KBSM",102,"*","*","*","KBSM"
"KBSM",103,"45.75","37","17","KBSM"
"KBSM",104,"42","25","11.5","KBSM"
"KBSM",105,"52","27.5","13.5","KBSM"
"KBSM",106,"42.25","28.5","11","KBSM"
"KBSM",107,"45.5","24.5","13.5","KBSM"
"KBSM",110,"39.75","30.5","12","KBSM"
"KBSM",111,"41","29","12.5","KBSM"
"KBSM",112,"49","26.5","14","KBSM"
"KBSM",113,"*","*","*","KBSM"
"KBSM",114,"49.25","32","15","KBSM"
"KBSM",115,"47.5","30","12","KBSM"
"KBSM",116,"47.25","28.5","12.5","KBSM"
"KBSM",117,"41.5","30.5","15","KBSM"
"KBSM",118,"42.25","29","14.5","KBSM"
"KBSM",119,"48.75","36","16","KBSM"
"KBSM",120,"*","*","*","KBSM"
"KBSM",122,"38","23","11","KBSM"
"KBSM",123,"47.5","28.5","16","KBSM"
"KBSM",125,"45","22","11","KBSM"
"KBSM",126,"44.5","21","11","KBSM"
"KBSM",127,"42.5","23.5","12.5","KBSM"
"KBSM",128,"47.75","30.5","13.5","KBSM"
"KBSM",130,"41.75","21.5","13","KBSM"
"KBSM",131,"39.75","33.5","13","KBSM"
"KBSM",132,"54.25","26","12.5","KBSM"
"KBSM",134,"48.75","43","15.5","KBSM"
"KBSM",135,"48.75","24","13.5","KBSM"
"KBSM",136,"51.25","31","20.5","KBSM"
"KBSM",137,"48.25","26.5","15","KBSM"
"KBSM",138,"*","*","*","KBSM"
"KBSM",139,"37.5","36","15","KBSM"
"KBSM",141,"*","*","*","KBSM"
"KBSM",142,"34.5","28","14","KBSM"
"KBSM",143,"39.5","37","14","KBSM"
"KBSM",144,"48","24","13","KBSM"
"KBSM",145,"47.5","28","13.5","KBSM"
"KBSM",146,"*","*","*","KBSM"
"KBSM",147,"42","26","14","KBSM"
"KBSM",148,"34.5","17.5","9.5","KBSM"
"KBSM",150,"38","27.5","15","KBSM"
"KBSM",151,"49.25","29.5","16.5","KBSM"
"KBSM",152,"43.75","32","14","KBSM"
"KBSM",153,"47.5","37.5","14","KBSM"
"KBSM",154,"44","29","16","KBSM"
"KBSM",155,"43.5","30.5","14.5","KBSM"
"KBSM",156,"33.75","24","14","KBSM"
"KBSM",157,"33.5","19.5","11.5","KBSM"
"KBSM",158,"39.75","23.5","13","KBSM"
"KBSM",159,"40.25","29","14","KBSM"
"KBSM",161,"38.5","30","19.5","KBSM"
"KBSM",163,"38.75","25","15","KBSM"
"KBSM",164,"52.75","35.5","17.5","KBSM"
"KBSM",166,"69","41","15","KBSM"
"KBSM",167,"45.5","31","15.5","KBSM"
"KBSM",168,"47","31.5","15","KBSM"
"KBSM",169,"*","*","*","KBSM"
"KBSM",170,"51.5","29","15","KBSM"
"KBSM",171,"43.25","30","13.5","KBSM"
"KBSM",172,"42","33.5","14.5","KBSM"
"KBSM",173,"47.25","23","13","KBSM"
"KBSM",174,"39.25","24.5","15","KBSM"
"KBSM",175,"57.5","32.5","15.5","KBSM"
"KBSM",176,"51","33.5","15","KBSM"
"KBSM",177,"39","33","13","KBSM"
"KBSM",178,"58.75","34.5","17.5","KBSM"
"KBSM",179,"*","*","*","KBSM"
"KBSM",180,"*","*","*","KBSM"
"KBSM",181,"*","*","*","KBSM"
"KBSM",182,"47.5","28","15.5","KBSM"
"KBSM",184,"52.5","30","16.5","KBSM"
"KBSM",185,"37.25","25","13.5","KBSM"
"KBSM",186,"*","*","*","KBSM"
"KBSM",187,"45.5","26","12","KBSM"
"KBSM",188,"49.25","30.5","14","KBSM"
"KBSM",189,"47.25","31.5","14","KBSM"
"KBSM",190,"35.5","25","12","KBSM"
"KBSM",191,"36","30.5","13","KBSM"
"KBSM",192,"*","*","*","KBSM"
"KBSM",193,"55","34","13.5","KBSM"
"KBSM",194,"49.75","33","13.5","KBSM"
"KBSM",195,"37.75","24","11","KBSM"
"KBSM",196,"41","35.5","16.5","KBSM"
"KBSM",197,"46.75","26.5","13","KBSM"
"KBSM",198,"46.25","27","11","KBSM"
"KBSM",199,"36.25","26","12","KBSM"
"KBSM",200,"56.5","28.5","16","KBSM"
"KBSM",201,"47","29","12.5","KBSM"
"KBSM",203,"41.25","31","12","KBSM"
"KBSM",204,"37.25","32.5","14","KBSM"
"KBSM",205,"45.5","23.5","14","KBSM"
"KBSM",207,"42.5","31","13","KBSM"
"KBSM",208,"39.5","27","14","KBSM"
"KBSM",209,"*","*","*","KBSM"
"KBSM",210,"51","32.5","17","KBSM"
"KBSM",211,"*","*","*","KBSM"
"KBSM",212,"*","*","*","KBSM"
"KBSM",213,"53","24","13.5","KBSM"
"KBSM",214,"47","27.5","15","KBSM"
"KBSM",215,"40.5","37.5","13.5","KBSM"
"KBSM",216,"42.75","41.5","18","KBSM"
"KBSM",217,"44","25.5","11.5","KBSM"
"KBSM",218,"41.5","42","15","KBSM"
"KBSM",219,"*","*","*","KBSM"
"KBSM",220,"*","*","*","KBSM"
"KBSM",221,"44.25","23","11","KBSM"
"KBSM",222,"54","28","14.5","KBSM"
"KBSM",223,"43.5","31","13","KBSM"
"KBSM",224,"48.5","29","14","KBSM"
"KBSM",225,"*","*","*","KBSM"
"KBSM",226,"48.75","32.5","16.5","KBSM"
"KBSM",227,"44.25","33","19","KBSM"
"KBSM",228,"43.5","27.5","12.5","KBSM"
"KBSM",229,"54.5","31","19.5","KBSM"
"KBSM",230,"45.25","31.5","10.5","KBSM"
"KBSM",231,"*","*","*","KBSM"
"KBSM",232,"40.25","33.5","11.5","KBSM"
"KBSM",233,"*","*","*","KBSM"
"KBSM",234,"42.25","28.5","14","KBSM"
"KBSM",235,"42.5","34.5","12.5","KBSM"
"KBSM",236,"44","27","14","KBSM"
"KBSM",237,"51.25","21","15","KBSM"
"KBSM",238,"*","*","*","KBSM"
"KBSM",239,"45.25","30.5","17","KBSM"
"KBSM",240,"*","*","*","KBSM"
"KBSM",241,"*","*","*","KBSM"
"KBSM",242,"41.25","26","11.5","KBSM"
"KBSM",243,"46.75","22.5","13.5","KBSM"
"KBSM",244,"45.5","33.5","16.5","KBSM"
"KBSM",245,"51.5","30.5","14","KBSM"
"KBSM",246,"54.5","34","17","KBSM"
"KBSM",247,"46.75","32","18","KBSM"
"KBSM",248,"47","31.5","16","KBSM"
"KBSM",249,"40.75","29","14.5","KBSM"
"KBSM",250,"50.75","32","13.5","KBSM"
"KBSM",251,"41.5","33","14","KBSM"
"KBSM",252,"44.5","28","13.5","KBSM"
"KBSM",253,"*","*","*","KBSM"
"KBSM",254,"49.75","23.5","12","KBSM"
"KBSM",255,"41","25","12.5","KBSM"
"KBSM",256,"42.5","35","15.5","KBSM"
"KBSM",257,"54.75","30","14","KBSM"
"KBSM",258,"40.25","21","13.5","KBSM"
"KBSM",259,"43","23.5","13","KBSM"
"KBSM",260,"46","33.5","17.5","KBSM"
"KBSM",261,"*","*","*","KBSM"
"KBSM",262,"*","*","*","KBSM"
"KBSM",263,"46","32.5","13","KBSM"
"KBSM",264,"41","25","11","KBSM"
"KBSM",265,"35.5","28","13","KBSM"
"KBSM",267,"47.75","35.5","15","KBSM"
"KBSM",268,"39.75","25.5","13","KBSM"
"KBSM",269,"*","*","*","KBSM"
"KBSM",270,"51","40.5","18","KBSM"
"KBSM",271,"*","*","*","KBSM"
"KBSM",272,"44.75","33","13.5","KBSM"
"KBSM",273,"44","24","12","KBSM"
"KBSM",274,"53.5","36.5","16.5","KBSM"
"KBSM",275,"35","25.5","11","KBSM"
"KBSM",276,"47.25","36","16.5","KBSM"
"KBSM",277,"36","27","14","KBSM"
"KBSM",278,"*","*","*","KBSM"
"KBSM",279,"44","32","16","KBSM"
"KBSM",281,"37.25","26","13","KBSM"
"KBSM",282,"*","*","*","KBSM"
"KBSM",283,"46.25","26.5","16","KBSM"
"KBSM",284,"47","29.5","10","KBSM"
"KBSM",285,"51.5","34.5","16.5","KBSM"
"KBSM",286,"43","29.5","14","KBSM"
"KBSM",287,"38.75","24.5","14.5","KBSM"
"KBSM",288,"*","*","*","KBSM"
"KBSM",289,"43.25","35","14","KBSM"
"KBSM",290,"*","*","*","KBSM"
"KBSM",292,"41.75","26.5","13","KBSM"
"KBSM",293,"37.5","22","11","KBSM"
"KBSM",294,"38.25","20","10.5","KBSM"
"KBSM",296,"44","37","15","KBSM"
"KBSM",297,"43.25","30","18","KBSM"
"KBSM",298,"39.25","33","13.5","KBSM"
"KBSM",299,"45.5","29","12","KBSM"
"KBSM",300,"42.75","26.5","13.5","KBSM"
"KBSM",301,"43.75","27","12","KBSM"
"KBSM",302,"39.5","24.5","12.5","KBSM"
"KBSM",303,"50.5","30.5","16","KBSM"
"KBSM",304,"37","23","12","KBSM"
"KBSM",305,"39.75","34","13.5","KBSM"
"KBSM",306,"47.75","28","13.5","KBSM"
"KBSM",307,"37","26","11.5","KBSM"
"KBSM",308,"49.75","31.5","14","KBSM"
"KBSM",310,"42.25","26","13.5","KBSM"
"KBSM",311,"*","*","*","KBSM"
"KBSM",312,"46.75","33","14.5","KBSM"
"KBSM",313,"45.5","32.5","13.5","KBSM"
"KBSM",314,"43.5","26","13","KBSM"
"KBSM",315,"42.25","24","13","KBSM"
"KBSM",317,"44.5","26","13.75","KBSM"
"KBSM",318,"40.25","22","10.5","KBSM"
"KBSM",319,"*","*","*","KBSM"
"KBSM",320,"54.25","30","13","KBSM"
"KBSM",322,"44.5","35.5","13.5","KBSM"
"KBSM",323,"46.25","32.5","10","KBSM"
"KBSM",324,"49.75","34","16.5","KBSM"
"KBSM",325,"37.75","31","13.5","KBSM"
"KBSM",326,"45.25","39","14","KBSM"
"KBSM",328,"50.75","34","15","KBSM"
"KBSM",330,"39","24.5","11.5","KBSM"
"KBSM",332,"43.25","28","15.5","KBSM"
"KBSM",333,"49.5","41","16.5","KBSM"
"KBSM",334,"47.9","32","14.5","KBSM"
"KBSM",335,"51.5","34","16.5","KBSM"
"KBSM",336,"53.5","34","19","KBSM"
"KBSM",337,"35.75","22","12","KBSM"
"KBSM",338,"40.5","30","14.5","KBSM"
"KBSM",339,"42.75","28","13","KBSM"
"KBSM",340,"*","*","*","KBSM"
"KBSM",341,"37","29.5","13.5","KBSM"
"KBSM",342,"46.75","21","12.5","KBSM"
"KBSM",343,"42","26","13","KBSM"
"KBSM",345,"35.75","16.5","10.5","KBSM"
"KBSM",346,"33.75","23.5","10.5","KBSM"
"KBSM",347,"40.75","29.5","16","KBSM"
"KBSM",349,"41","27.5","12.5","KBSM"
"KBSM",350,"48.25","36.5","17","KBSM"
"KBSM",352,"40.5","24.5","12.5","KBSM"
"KBSM",353,"43.75","31","13.5","KBSM"
"KBSM",354,"32.5","36.5","15","KBSM"
"KBSM",355,"*","*","*","KBSM"
"KBSM",356,"40.25","21.5","11.5","KBSM"
"KBSM",358,"42.25","28.5","13","KBSM"
"KBSM",359,"42","39","12.5","KBSM"
"KBSM",360,"37","26.5","10.5","KBSM"
"KBSM",361,"37.75","34.5","14.5","KBSM"
"KBSM",363,"42.25","28","14","KBSM"
"KBSM",364,"45.75","32","17.5","KBSM"
"KBSM",365,"49","23.5","12.5","KBSM"
"KBSM",366,"63.75","31.5","14","KBSM"
"KBSM",367,"37.25","31","11","KBSM"
"KBSM",368,"*","*","*","KBSM"
"KBSM",369,"46.5","29","14.5","KBSM"
"KBSM",370,"47.75","29","11.5","KBSM"
"KBSM",371,"48.75","32.5","17.5","KBSM"
"KBSM",372,"34.75","40.5","13.5","KBSM"
"KBSM",373,"45","22","12","KBSM"
"KBSM",374,"40.5","30.5","13","KBSM"
"KBSM",375,"48.25","33","14","KBSM"
"KBSM",377,"*","*","*","KBSM"
"KBSM",378,"52.75","33","16","KBSM"
"KBSM",379,"47","30.5","15.5","KBSM"
"KBSM",380,"45.5","31.5","21","KBSM"
"KBSM",381,"35.25","31.5","12","KBSM"
"KBSM",382,"54","26","12.5","KBSM"
"KBSM",383,"43.5","31","13","KBSM"
"KBSM",384,"36.25","25","13","KBSM"
"KBSM",386,"44.5","33","11","KBSM"
"KBSM",388,"48.5","30.5","13.5","KBSM"
"KBSM",389,"37.5","31.5","15","KBSM"
"KBSM",390,"56.5","33.5","14","KBSM"
"KBSM",391,"44.5","25.5","13.5","KBSM"
"KBSM",392,"49.125","30","12.25","KBSM"
"KBSM",393,"47","30","13.5","KBSM"
"KBSM",394,"32.25","19.5","11","KBSM"
"KBSM",395,"33.75","30","12.5","KBSM"
"KBSM",396,"44.75","30","14","KBSM"
"KBSM",397,"43","30.5","13.5","KBSM"
"KBSM",398,"47.5","29.5","13","KBSM"
"KBSM",399,"42.25","21","11.5","KBSM"
"KBSM",400,"49.75","35.5","20.5","KBSM"
"KBSM",402,"63.5","29.5","17","KBSM"
"KBSM",403,"44.75","32","13.5","KBSM"
"KBSM",404,"45.75","32","11.5","KBSM"
"KBSM",405,"35.25","20.5","11","KBSM"
"KBSM",406,"52.25","26.5","14","KBSM"
"KBSM",407,"42.5","28","14.5","KBSM"
"KBSM",408,"38","31","13.5","KBSM"
"KBSM",409,"35.5","32.5","14","KBSM"
"KBSM",410,"44.5","29.5","15.5","KBSM"
"KBSM",411,"42.5","22","11","KBSM"
"KBSM",412,"41","38","17","KBSM"
"KBSM",413,"*","*","*","KBSM"
"KBSM",414,"46.5","30","12","KBSM"
"KBSM",415,"35.25","20.5","11.5","KBSM"
"KBSM",416,"*","*","*","KBSM"
"KBSM",417,"43.5","28","13.5","KBSM"
"KBSM",418,"43.75","28.5","12.5","KBSM"
"KBSM",419,"48.5","36","15.5","KBSM"
"KBSM",420,"45.5","30","13","KBSM"
"KBSM",421,"37.5","29.5","12.5","KBSM"
"KBSM",422,"33.75","24","11.5","KBSM"
"KBSM",423,"38.5","26.5","13","KBSM"
"KBSM",424,"48.5","38","17.5","KBSM"
"KBSM",425,"47.5","31","14","KBSM"
"KBSM",426,"35","27","12.5","KBSM"
"KBSM",427,"37.25","23.5","11","KBSM"
"KBSM",428,"41.5","30.5","14.5","KBSM"
"KBSM",429,"40","25","14","KBSM"
"KBSM",431,"44.25","33","15","KBSM"
"KBSM",432,"46.25","27","17","KBSM"
"KBSM",433,"46.5","33.5","15","KBSM"
"KBSM",435,"52.5","37","17","KBSM"
"KBSM",436,"49.25","30.5","13.5","KBSM"
"KBSM",437,"*","*","*","KBSM"
"KBSM",438,"37.25","23.5","10.5","KBSM"
"KBSM",439,"38.25","23","12","KBSM"
"KBSM",440,"42.5","28","12","KBSM"
"KBSM",442,"43.5","28","13.5","KBSM"
"KBSM",443,"39.25","34","14","KBSM"
"KBSM",444,"43","26.5","13.5","KBSM"
"KBSM",445,"32.25","24","11","KBSM"
"KBSM",446,"38.75","29","12","KBSM"
"KBSM",447,"46","42","13","KBSM"
"KBSM",448,"39.75","29.5","11.5","KBSM"
"KBSM",449,"30.75","24.5","14","KBSM"
"KBSM",450,"41.25","22.5","15.5","KBSM"
"KBSM",451,"42.75","24","12","KBSM"
"KBSM",452,"43.25","33","13","KBSM"
"KBSM",453,"43.25","32.5","14.5","KBSM"
"KBSM",454,"*","*","*","KBSM"
"KBSM",455,"41.5","26","13","KBSM"
"KBSM",456,"54.5","28","13","KBSM"
"KBSM",458,"45","35.5","14","KBSM"
"KBSM",459,"47.5","27","13.5","KBSM"
"KBSM",460,"44","31.5","14","KBSM"
"KBSM",461,"50","30","22.5","KBSM"
"KBSM",462,"38.5","28","12.5","KBSM"
"KBSM",463,"63.5","41","19","KBSM"
"KBSM",464,"56.5","30","14.5","KBSM"
"KBSM",465,"53.625","30.75","15.75","KBSM"
"KBSM",466,"38.5","33","14","KBSM"
"KBSM",467,"39","23.5","14.5","KBSM"
"KBSM",468,"47.5","26.5","14.5","KBSM"
"KBSM",469,"46.25","28.5","12","KBSM"
"KBSM",470,"45.25","28","14","KBSM"
"KBSM",471,"47","37","14","KBSM"
"KBSM",472,"39.5","29.5","12.5","KBSM"
"KBSM",473,"44.25","34.5","16.5","KBSM"
"KBSM",474,"*","*","*","KBSM"
"KBSM",475,"53.25","24.5","12","KBSM"
"KBSM",476,"51.5","27.5","13.5","KBSM"
"KBSM",477,"33","28.5","11","KBSM"
"KBSM",479,"44","30","14","KBSM"
"KBSM",480,"45.75","29","17","KBSM"
"KBSM",482,"*","*","*","KBSM"
"KBSM",483,"33.25","29","12","KBSM"
"KBSM",484,"34.5","21.5","10.5","KBSM"
"KBSM",485,"44.75","30","15.5","KBSM"
"KBSM",486,"*","*","*","KBSM"
"KBSM",487,"32.75","37.5","12.5","KBSM"
"KBSM",488,"37","23","11","KBSM"
"KBSM",489,"50.75","26","13.5","KBSM"
"KBSM",491,"49.25","33.5","12.5","KBSM"
"KBSM",492,"38.5","27.5","13","KBSM"
"KBSM",493,"37.75","20.5","9.5","KBSM"
"KBSM",494,"41.75","33.5","17.5","KBSM"
"KBSM",495,"39.5","39.5","15.5","KBSM"
"KBSM",496,"47","32","16.5","KBSM"
"KBSM",497,"41.25","22.5","14","KBSM"
"KBSM",498,"41","29.5","13.5","KBSM"
"KBSM",499,"*","*","*","KBSM"
"KBSM",500,"41.5","25","14","KBSM"
"KBSM",501,"38.75","25","11","KBSM"
"KBSM",502,"41.75","32.5","15","KBSM"
"KBSM",503,"41.5","27","15.5","KBSM"
"KBSM",504,"*","*","*","KBSM"
"KBSM",505,"50.25","29.5","14","KBSM"
"KBSM",506,"62","32.5","13.5","KBSM"
"KBSM",507,"48.5","36.5","17","KBSM"
"KBSM",508,"41.75","33.5","14","KBSM"
"KBSM",511,"50","34","13","KBSM"
"KBSM",512,"43.25","22","12","KBSM"
"KBSM",513,"46","22","13","KBSM"
"KBSM",514,"*","*","*","KBSM"
"KBSM",515,"31.75","17.5","12","KBSM"
"KBSM",516,"42.5","31.5","12.5","KBSM"
"KBSM",518,"*","*","*","KBSM"
"KBSM",519,"*","*","*","KBSM"
"KBSM",520,"46.5","28.5","18.5","KBSM"
"KBSM",521,"43","22.5","11","KBSM"
"KBSM",522,"53.5","23.5","12.5","KBSM"
"KBSM",523,"48","24.5","14.5","KBSM"
"KBSM",524,"43.5","30","16.5","KBSM"
"KBSM",525,"45.5","28","14","KBSM"
"KBSM",526,"35.75","24.5","11.5","KBSM"
"KBSM",527,"41.5","28","13","KBSM"
"KBSM",529,"46.75","27.5","13.5","KBSM"
"KBSM",530,"37.5","30.5","12","KBSM"
"KBSM",531,"34.25","27","15","KBSM"
"KBSM",532,"42.75","22","16","KBSM"
"KBSM",533,"29.75","19.5","8.5","KBSM"
"KBSM",534,"33.75","23.5","11","KBSM"
"KBSM",535,"48.5","35","16","KBSM"
"KBSM",536,"46","28","13","KBSM"
"KBSM",537,"45.25","34","15","KBSM"
"KBSM",539,"39.25","29.5","14","KBSM"
"KBSM",540,"45","30.5","12.5","KBSM"
"KBSM",541,"35","27","13.5","KBSM"
"KBSM",542,"47","41","17.5","KBSM"
"KBSM",544,"40.75","32.5","16","KBSM"
"KBSM",545,"42.25","41","19","KBSM"
"KBSM",546,"41","34","11","KBSM"
"KBSM",547,"46.5","26","16","KBSM"
"KBSM",548,"37.25","31","13","KBSM"
"KBSM",549,"50.25","38.5","18","KBSM"
"KBSM",551,"*","*","*","KBSM"
"KBSM",552,"37","26.5","11.5","KBSM"
"KBSM",553,"38.75","30","16","KBSM"
"KBSM",555,"54.75","28","12.5","KBSM"
"KBSM",556,"*","*","*","KBSM"
"KBSM",557,"40.25","36.5","14","KBSM"
"KBSM",558,"52","35","16","KBSM"
"KBSM",559,"45.25","30.5","18.5","KBSM"
"KBSM",560,"39.5","29.5","11","KBSM"
"KBSM",562,"43.75","31","15.5","KBSM"
"KBSM",563,"40.5","31","19.5","KBSM"
"KBSM",564,"*","*","*","KBSM"
"KBSM",565,"46.25","37","13","KBSM"
"KBSM",566,"39","31.5","12","KBSM"
"KBSM",567,"41.5","24.5","14","KBSM"
"KBSM",569,"52.75","32.5","12","KBSM"
"KBSM",570,"38","26","13","KBSM"
"KBSM",571,"44","30","12.5","KBSM"
"KBSM",572,"45","24.5","13.5","KBSM"
"KBSM",573,"38.75","32.5","14","KBSM"
"KBSM",574,"43","27","11.5","KBSM"
"KBSM",576,"43","26.5","13","KBSM"
"KBSM",577,"48.25","29.5","12","KBSM"
"KBSM",578,"47","34","15","KBSM"
"KBSM",579,"48.5","31.5","12.5","KBSM"
"KBSM",580,"41","25.5","13","KBSM"
"KBSM",581,"36.25","34","16","KBSM"
"KBSM",583,"46","27.5","13","KBSM"
"KBSM",584,"55","39.5","16","KBSM"
"KBSM",585,"34.75","27.5","11","KBSM"
"KBSM",586,"50.5","32.5","14.5","KBSM"
"KBSM",588,"48.75","32","16","KBSM"
"KBSM",589,"41.25","29","12.5","KBSM"
"KBSM",592,"44.25","34.5","14.5","KBSM"
"KBSM",593,"38.25","27","12.5","KBSM"
"KBSM",594,"50","35","15.5","KBSM"
"KBSM",595,"48.5","29","14","KBSM"
"KBSM",596,"46.25","27","12.5","KBSM"
"KBSM",597,"59","33.5","16.5","KBSM"
"KBSM",598,"42","26","16.5","KBSM"
"KBSM",599,"*","*","*","KBSM"
"KBSM",600,"43.5","42","18.5","KBSM"
"KBSM",601,"48","43.5","18.5","KBSM"
"KBSM",602,"*","*","*","KBSM"
"KBSM",603,"*","*","*","KBSM"
"KBSM",604,"*","*","*","KBSM"
"KBSM",605,"48","32.5","14","KBSM"
"KBSM",606,"49","26","14.5","KBSM"
"KBSM",608,"40.5","25","12.5","KBSM"
"KBSM",609,"38.25","28.5","13.5","KBSM"
"KBSM",610,"52","30.5","13","KBSM"
"KBSM",611,"43","32","14.5","KBSM"
"KBSM",612,"39.5","19","12.5","KBSM"
"KBSM",613,"36.75","23","12","KBSM"
"KBSM",614,"47.5","31.5","17","KBSM"
"KBSM",618,"54.5","35","17","KBSM"
"KBSM",619,"47","33","13","KBSM"
"KBSM",620,"44.5","27","13","KBSM"
"KBSM",621,"44","38.5","14.5","KBSM"
"KBSM",622,"45.25","28","14","KBSM"
"KBSM",623,"*","*","*","KBSM"
"KBSM",624,"*","*","*","KBSM"
"KBSM",625,"43.25","23.5","12.5","KBSM"
"KBSM",627,"34.5","24.5","11","KBSM"
"KBSM",628,"37","29.5","14.5","KBSM"
"KBSM",629,"51","33","16.5","KBSM"
"KBSM",630,"38","27.5","12.5","KBSM"
"KBSM",632,"47.25","29","11.5","KBSM"
"KBSM",633,"44.25","28","11.5","KBSM"
"KBSM",634,"46.25","30.5","15.5","KBSM"
"KBSM",635,"46.25","35","15.5","KBSM"
"KBSM",636,"45","30.5","12.5","KBSM"
"KBSM",637,"49.25","29.5","16","KBSM"
"KBSM",638,"40.75","27","13.5","KBSM"
"KBSM",639,"47.5","28.5","14.5","KBSM"
"KBSM",640,"49.75","33.5","15","KBSM"
"KBSM",641,"40","35","14.5","KBSM"
"KBSM",642,"45.25","27","13.5","KBSM"
"KBSM",643,"36.25","23.5","11","KBSM"
"KBSM",644,"38","25","11","KBSM"
"KBSM",645,"*","*","*","KBSM"
"KBSM",647,"*","*","*","KBSM"
"KBSM",648,"28.5","21","10","KBSM"
"KBSM",649,"38.25","27","13","KBSM"
"KBSM",652,"45.75","28.5","12","KBSM"
"KBSM",654,"46","22.5","11","KBSM"
"KBSM",655,"40.25","29","14","KBSM"
"KBSM",656,"55.5","33","19","KBSM"
"KBSM",657,"42.75","25","16.5","KBSM"
"KBSM",658,"47","21.5","12.5","KBSM"
"KBSM",660,"41.75","31","14.5","KBSM"
"KBSM",661,"50","26","14.5","KBSM"
"KBSM",663,"45.75","32","13","KBSM"
"KBSM",664,"40","29.5","12.5","KBSM"
"KBSM",666,"42.75","31","13","KBSM"
"KBSM",667,"42.5","22.5","11.5","KBSM"
"KBSM",668,"46.75","25.5","15","KBSM"
"KBSM",669,"29","24","10","KBSM"
"KBSM",670,"42.25","23","12","KBSM"
"KBSM",671,"*","*","*","KBSM"
"KBSM",672,"47","28","15","KBSM"
"KBSM",673,"45.75","25","13","KBSM"
"KBSM",674,"48.75","34.5","13.5","KBSM"
"KBSM",675,"43","33","13","KBSM"
"KBSM",677,"*","*","*","KBSM"
"KBSM",679,"49.75","22","13.5","KBSM"
"KBSM",680,"37.25","26","9.5","KBSM"
"KBSM",681,"57.25","29.5","13.5","KBSM"
"KBSM",682,"37.75","31.5","13","KBSM"
"KBSM",683,"42.75","33","12.5","KBSM"
"KBSM",684,"48.25","39.5","14","KBSM"
"KBSM",685,"39.5","26.5","13","KBSM"
"KBSM",686,"45.25","31.5","13.5","KBSM"
"KBSM",689,"*","*","*","KBSM"
"KBSM",690,"45.5","33","15.5","KBSM"
"KBSM",691,"45.5","23","12","KBSM"
"KBSM",692,"50.75","36","18.5","KBSM"
"KBSM",693,"34.5","26.5","10","KBSM"
"KBSM",694,"37.75","22","12.5","KBSM"
"KBSM",695,"41.75","26.5","13","KBSM"
"KBSM",696,"55.75","27","13.5","KBSM"
"KBSM",697,"38","21","11","KBSM"
"KBSM",698,"39","28.5","13.5","KBSM"
"KBSM",699,"39.25","33.5","14","KBSM"
"KBSM",700,"37","25.5","11.5","KBSM"
"KBSM",702,"*","*","*","KBSM"
"KBSM",703,"36","14.5","11","KBSM"
"KBSM",704,"50.75","28","14.5","KBSM"
"KBSM",705,"42.25","22.5","13","KBSM"
"KBSM",706,"45.25","23.5","12","KBSM"
"KBSM",707,"*","*","*","KBSM"
"KBSM",708,"*","*","*","KBSM"
"KBSM",710,"48","38.5","19","KBSM"
"KBSM",711,"44","31","13","KBSM"
"KBSM",712,"43.75","25.5","15","KBSM"
"KBSM",713,"36.25","27.5","12.5","KBSM"
"KBSM",714,"*","*","*","KBSM"
"KBSM",715,"47.25","31.5","13.5","KBSM"
"KBSM",716,"38.5","24","12.5","KBSM"
"KBSM",718,"*","*","*","KBSM"
"KBSM",719,"52","31","14","KBSM"
"KBSM",720,"36.5","29.5","16","KBSM"
"KBSM",721,"37.75","29","13","KBSM"
"KBSM",722,"45.75","27","12.5","KBSM"
"KBSM",723,"*","*","*","KBSM"
"KBSM",724,"45.75","28","11","KBSM"
"KBSM",725,"37.75","29","12.5","KBSM"
"KBSM",726,"49.75","30.5","18.5","KBSM"
"KBSM",729,"38.5","26.5","15","KBSM"
"KBSM",730,"37.25","20.5","12","KBSM"
"KBSM",731,"55.75","35","18.5","KBSM"
"KBSM",732,"38.5","32","12.5","KBSM"
"KBSM",733,"46","28.5","13","KBSM"
"KBSM",734,"48.25","41.5","15","KBSM"
"KBSM",735,"47.75","41.5","20","KBSM"
"KBSM",736,"44","32.5","12.5","KBSM"
"KBSM",737,"54.75","33.5","14","KBSM"
"KBSM",738,"47.75","29","14.5","KBSM"
"KBSM",739,"36.75","29.5","15.5","KBSM"
"KBSM",740,"52.75","34","14.5","KBSM"
"KBSM",742,"32.25","21.5","12","KBSM"
"KBSM",743,"45.25","34","14.5","KBSM"
"KBSM",744,"47.75","37","22","KBSM"
"KBSM",745,"45.75","30.5","13","KBSM"
"KBSM",746,"44.75","29","15","KBSM"
"KBSM",748,"56.02","27.5","15.5","KBSM"
"KBSM",749,"48.5","28","15.5","KBSM"
"KBSM",750,"40","29","13.5","KBSM"
"KBSM",751,"49.5","28.5","12","KBSM"
"KBSM",752,"37.25","28","13","KBSM"
"KBSM",753,"51","37.5","19","KBSM"
"KBSM",755,"44.75","30.5","14","KBSM"
"KBSM",756,"45.5","31.5","14","KBSM"
"KBSM",757,"39.75","30.5","13","KBSM"
"KBSM",758,"48","27","13.5","KBSM"
"KBSM",759,"36","27.5","14","KBSM"
"KBSM",760,"45.25","42.5","19","KBSM"
"KBSM",761,"44.75","31.5","13.5","KBSM"
"KBSM",762,"42.25","26","14","KBSM"
"KBSM",763,"35.5","23","15.5","KBSM"
"KBSM",764,"46.75","25","14","KBSM"
"KBSM",765,"50.5","32.5","16","KBSM"
"KBSM",766,"31.5","22.5","12","KBSM"
"KBSM",767,"42.25","31.5","15.5","KBSM"
"KBSM",768,"43.25","29","14","KBSM"
"KBSM",769,"*","*","*","KBSM"
"KBSM",770,"44.75","34.5","13","KBSM"
"KBSM",771,"37.5","27.5","11.5","KBSM"
"KBSM",772,"45.5","23","14","KBSM"
"KBSM",773,"48.75","23.5","14","KBSM"
"KBSM",774,"53","33","14","KBSM"
"KBSM",775,"42","21.5","11.5","KBSM"
"KBSM",776,"41","26","13.5","KBSM"
"KBSM",777,"33.75","27.5","12","KBSM"
"KBSM",778,"35.25","25.5","12","KBSM"
"KBSM",779,"40","25","12","KBSM"
"KBSM",780,"51.75","29.5","14.5","KBSM"
"KBSM",781,"*","*","*","KBSM"
"KBSM",782,"41.25","30.5","14.5","KBSM"
"KBSM",783,"50.75","44.5","14.5","KBSM"
"KBSM",784,"40.75","33.5","15.5","KBSM"
"KBSM",785,"49.5","26","13.5","KBSM"
"KBSM",786,"39.75","29.5","13.5","KBSM"
"KBSM",787,"39.25","37.5","12.5","KBSM"
"KBSM",788,"40","32.5","14","KBSM"
"KBSM",789,"41.5","28","14","KBSM"
"KBSM",790,"45","30.5","14","KBSM"
"KBSM",792,"51.75","38","12.5","KBSM"
"KBSM",794,"52.75","34","17","KBSM"
"KBSM",795,"40","28","13.5","KBSM"
"KBSM",796,"*","*","*","KBSM"
"KBSM",797,"39","22","12.5","KBSM"
"KBSM",799,"*","*","*","KBSM"
"KBSM",800,"45.5","29","13.5","KBSM"
"KBSM",801,"44.25","23.5","14.5","KBSM"
"KBSM",802,"47.5","34","16","KBSM"
"KBSM",803,"40.5","29.5","12","KBSM"
"KBSM",804,"33","24.5","13.5","KBSM"
"KBSM",805,"39.75","34.5","13","KBSM"
"KBSM",806,"37.75","33.5","12.5","KBSM"
"KBSM",808,"43","33","21","KBSM"
"KBSM",809,"40.5","34.5","14","KBSM"
"KBSM",810,"44","30.5","15","KBSM"
"KBSM",811,"36.75","27","13.5","KBSM"
"KBSM",812,"40","34.5","17.5","KBSM"
"KBSM",813,"36.25","25.5","11","KBSM"
"KBSM",814,"46.75","31.5","12.5","KBSM"
"KBSM",815,"41.75","29.5","12","KBSM"
"KBSM",816,"44.75","25","12","KBSM"
"KBSM",817,"*","*","*","KBSM"
"KBSM",818,"62","33","17","KBSM"
"KBSM",819,"47.5","28.5","15","KBSM"
"KBSM",820,"47.5","22","12","KBSM"
"KBSM",821,"39","28.5","11.5","KBSM"
"KBSM",822,"44","25.5","13.5","KBSM"
"KBSM",823,"47.25","35","13.5","KBSM"
"KBSM",824,"49","34","15","KBSM"
"KBSM",825,"38.75","29","14.5","KBSM"
"PKLE",1,"29","26.5","11","PKLE"
"PKLE",2,"41.75","29.5","10.5","PKLE"
"PKLE",3,"33.5","35","8","PKLE"
"PKLE",4,"51.5","21.5","6.5","PKLE"
"PKLE",5,"42.5","27","10","PKLE"
"PKLE",7,"31.75","26.5","10","PKLE"
"PKLE",8,"55.25","33","11","PKLE"
"PKLE",9,"50","19","8.5","PKLE"
"PKLE",10,"41.5","24.5","9.5","PKLE"
"PKLE",11,"40.75","31","13.5","PKLE"
"PKLE",12,"33.25","18","5.5","PKLE"
"PKLE",13,"37.45","28","13.5","PKLE"
"PKLE",14,"40","26","9.5","PKLE"
"PKLE",15,"43","33","12.5","PKLE"
"PKLE",16,"38.75","26.5","12","PKLE"
"PKLE",17,"42.25","18.5","9","PKLE"
"PKLE",18,"38.95","24.5","10","PKLE"
"PKLE",19,"29","14.5","7","PKLE"
"PKLE",20,"41","28.5","10","PKLE"
"PKLE",21,"*","*","*","PKLE"
"PKLE",22,"*","*","*","PKLE"
"PKLE",23,"54","38","14.5","PKLE"
"PKLE",24,"*","*","*","PKLE"
"PKLE",25,"32.75","18","9","PKLE"
"PKLE",26,"34.75","24","10.5","PKLE"
"PKLE",27,"*","*","*","PKLE"
"PKLE",28,"44.25","24","9.5","PKLE"
"PKLE",29,"27","24","12","PKLE"
"PKLE",30,"38.75","23.5","11.5","PKLE"
"PKLE",31,"30","21.5","5.5","PKLE"
"PKLE",32,"34.7","19","10.5","PKLE"
"PKLE",33,"22","12.5","6.5","PKLE"
"PKLE",34,"35.5","28.5","12.5","PKLE"
"PKLE",35,"33.5","12","3.5","PKLE"
"PKLE",36,"44.25","23","7","PKLE"
"PKLE",37,"38.5","23.5","3.5","PKLE"
"PKLE",38,"30.5","25","10.5","PKLE"
"PKLE",39,"36.5","31.5","11.5","PKLE"
"PKLE",40,"37","27.5","10.5","PKLE"
"PKLE",41,"37.75","18.5","9.5","PKLE"
"PKLE",42,"41","17","6.5","PKLE"
"PKLE",43,"33.5","26.5","11","PKLE"
"PKLE",44,"27.5","22.5","8.5","PKLE"
"PKLE",46,"33.25","25","8.5","PKLE"
"PKLE",48,"41.5","19","7.5","PKLE"
"PKLE",49,"*","*","*","PKLE"
"PKLE",50,"*","*","*","PKLE"
"PKLE",52,"33","20.5","8.5","PKLE"
"PKLE",53,"23","23.5","8","PKLE"
"PKLE",54,"63","44","18.5","PKLE"
"PKLE",55,"35.25","20","10.5","PKLE"
"PKLE",56,"56.2","26","14","PKLE"
"PKLE",57,"*","*","*","PKLE"
"PKLE",59,"*","*","*","PKLE"
"PKLE",60,"*","*","*","PKLE"
"PKLE",61,"31.5","21","10.5","PKLE"
"PKLE",62,"24","31.5","8.5","PKLE"
"PKLE",63,"29.85","21","9.5","PKLE"
"PKLE",64,"*","*","*","PKLE"
"PKLE",65,"31.5","25","12.5","PKLE"
"PKLE",66,"*","*","*","PKLE"
"PKLE",67,"41.25","23","9.5","PKLE"
"PKLE",68,"54.5","25.5","8.5","PKLE"
"PKLE",69,"37.75","27","8.5","PKLE"
"PKLE",70,"22.25","17.5","6.5","PKLE"
"PKLE",71,"*","*","*","PKLE"
"PKLE",72,"38.25","29","10.5","PKLE"
"PKLE",73,"33","26.5","9","PKLE"
"PKLE",74,"*","*","*","PKLE"
"PKLE",75,"*","*","*","PKLE"
"PKLE",76,"38.5","14.5","8.5","PKLE"
"PKLE",77,"31.25","26.5","10","PKLE"
"PKLE",78,"52.5","11","5","PKLE"
"PKLE",79,"37.75","19","8.5","PKLE"
"PKLE",80,"37.5","25.5","10","PKLE"
"PKLE",81,"44.75","8.5","6","PKLE"
"PKLE",83,"46","31","12.5","PKLE"
"PKLE",84,"35.5","19.5","5","PKLE"
"PKLE",85,"31.5","11.5","5","PKLE"
"PKLE",86,"46.05","29.5","11.5","PKLE"
"PKLE",87,"40.25","22","7","PKLE"
"PKLE",88,"*","*","*","PKLE"
"PKLE",89,"31.5","28","9","PKLE"
"PKLE",90,"32","22.5","8.5","PKLE"
"PKLE",91,"50.5","41.5","14","PKLE"
"PKLE",93,"39.75","21.5","9.5","PKLE"
"PKLE",94,"*","*","*","PKLE"
"PKLE",95,"26.25","21.5","9","PKLE"
"PKLE",96,"*","*","*","PKLE"
"PKLE",97,"46.5","30","13","PKLE"
"PKLE",99,"47.75","17.5","6","PKLE"
"PKLE",100,"38.5","14","5.5","PKLE"
"PKLE",101,"31.5","20","8.5","PKLE"
"PKLE",102,"*","*","*","PKLE"
"PKLE",103,"*","*","*","PKLE"
"PKLE",104,"40.75","22","9.5","PKLE"
"PKLE",105,"41.25","26","10","PKLE"
"PKLE",106,"37.75","28","8.5","PKLE"
"PKLE",107,"32.75","22.5","11.5","PKLE"
"PKLE",110,"20.5","13.5","6","PKLE"
"PKLE",111,"40","24","10.5","PKLE"
"PKLE",112,"41.5","25.5","8.5","PKLE"
"PKLE",113,"41.25","22.5","6","PKLE"
"PKLE",114,"38.5","28.5","11.5","PKLE"
"PKLE",115,"38","23","9.5","PKLE"
"PKLE",116,"*","*","*","PKLE"
"PKLE",117,"37.5","25","9.5","PKLE"
"PKLE",118,"34.5","28","11","PKLE"
"PKLE",119,"46","34.5","11","PKLE"
"PKLE",120,"*","*","*","PKLE"
"PKLE",122,"38.75","21","8.5","PKLE"
"PKLE",123,"34.75","23","9.5","PKLE"
"PKLE",125,"35.5","20.5","9","PKLE"
"PKLE",126,"30","12.5","7","PKLE"
"PKLE",127,"26.25","22.5","10.5","PKLE"
"PKLE",128,"31.25","29","10","PKLE"
"PKLE",130,"38.25","19","10.5","PKLE"
"PKLE",131,"43","21","7","PKLE"
"PKLE",132,"39.5","24","6.5","PKLE"
"PKLE",134,"49.25","42","14","PKLE"
"PKLE",135,"35","19","9","PKLE"
"PKLE",136,"*","*","*","PKLE"
"PKLE",137,"39.75","25.5","10.5","PKLE"
"PKLE",138,"46.75","18.5","5","PKLE"
"PKLE",139,"29.45","19","9","PKLE"
"PKLE",141,"*","*","*","PKLE"
"PKLE",142,"37.5","20","6.5","PKLE"
"PKLE",143,"37.5","38.5","6.5","PKLE"
"PKLE",144,"33.75","25","10.5","PKLE"
"PKLE",145,"33","22.5","8","PKLE"
"PKLE",146,"32.5","25.5","10","PKLE"
"PKLE",147,"*","*","*","PKLE"
"PKLE",148,"51.1","11.5","7.5","PKLE"
"PKLE",150,"36.75","16","4.5","PKLE"
"PKLE",151,"41","25.5","10","PKLE"
"PKLE",152,"*","*","*","PKLE"
"PKLE",153,"36","32.5","10.5","PKLE"
"PKLE",154,"28","15.5","8","PKLE"
"PKLE",155,"34.25","28","11","PKLE"
"PKLE",156,"28","20","8.5","PKLE"
"PKLE",157,"30.75","17","8","PKLE"
"PKLE",158,"31","27.5","10","PKLE"
"PKLE",159,"*","*","*","PKLE"
"PKLE",161,"48.75","16.5","7","PKLE"
"PKLE",163,"*","*","*","PKLE"
"PKLE",164,"53.75","33.5","8","PKLE"
"PKLE",166,"56.25","28","11","PKLE"
"PKLE",167,"43.25","35","14.5","PKLE"
"PKLE",168,"*","*","*","PKLE"
"PKLE",169,"40","18","11.5","PKLE"
"PKLE",170,"47.05","27.5","12.5","PKLE"
"PKLE",171,"23.5","18.5","7","PKLE"
"PKLE",172,"50.5","19","9","PKLE"
"PKLE",173,"57.75","26","7.5","PKLE"
"PKLE",174,"39","22.5","8.5","PKLE"
"PKLE",175,"59.75","29.5","8.5","PKLE"
"PKLE",176,"52","29","15","PKLE"
"PKLE",177,"38","24","9","PKLE"
"PKLE",178,"54","27","8.5","PKLE"
"PKLE",179,"*","*","*","PKLE"
"PKLE",180,"*","*","*","PKLE"
"PKLE",181,"*","*","*","PKLE"
"PKLE",182,"33.5","23","12.5","PKLE"
"PKLE",184,"45.5","26.5","12.5","PKLE"
"PKLE",185,"29","23.5","11.5","PKLE"
"PKLE",186,"*","*","*","PKLE"
"PKLE",187,"35.75","24","10","PKLE"
"PKLE",188,"38.5","31.5","12","PKLE"
"PKLE",189,"*","*","*","PKLE"
"PKLE",190,"*","*","*","PKLE"
"PKLE",191,"30.75","30.5","10","PKLE"
"PKLE",192,"*","*","*","PKLE"
"PKLE",193,"52.25","31","7.5","PKLE"
"PKLE",194,"56.7","26","11.5","PKLE"
"PKLE",195,"37.25","23.5","10.5","PKLE"
"PKLE",196,"*","*","*","PKLE"
"PKLE",197,"32","25.5","10.5","PKLE"
"PKLE",198,"47.25","24.5","10","PKLE"
"PKLE",199,"30.75","26","10.5","PKLE"
"PKLE",200,"41.5","29","11","PKLE"
"PKLE",201,"28.5","29.5","8.5","PKLE"
"PKLE",203,"42.25","27","16","PKLE"
"PKLE",204,"41.25","26","6.5","PKLE"
"PKLE",205,"48","26.5","8.5","PKLE"
"PKLE",207,"34.5","24","10","PKLE"
"PKLE",208,"*","*","*","PKLE"
"PKLE",209,"33.15","24.5","11","PKLE"
"PKLE",210,"46.25","28","10","PKLE"
"PKLE",211,"38.05","21.5","9","PKLE"
"PKLE",212,"*","*","*","PKLE"
"PKLE",213,"41.75","17","8.5","PKLE"
"PKLE",214,"44.5","26.5","10.5","PKLE"
"PKLE",215,"40.5","40.5","11","PKLE"
"PKLE",216,"44.5","19","7","PKLE"
"PKLE",217,"39.25","26","9.5","PKLE"
"PKLE",218,"29","25","9","PKLE"
"PKLE",219,"*","*","*","PKLE"
"PKLE",220,"36.75","23.5","8.5","PKLE"
"PKLE",221,"32.5","23","10","PKLE"
"PKLE",222,"*","*","*","PKLE"
"PKLE",223,"41.5","35.5","9.5","PKLE"
"PKLE",224,"43","26.5","10.5","PKLE"
"PKLE",225,"33.5","29","10","PKLE"
"PKLE",226,"47.25","24","7","PKLE"
"PKLE",227,"54","35","12","PKLE"
"PKLE",228,"30.25","23","10","PKLE"
"PKLE",229,"43.5","25.5","8.5","PKLE"
"PKLE",230,"47.75","21.5","8","PKLE"
"PKLE",231,"38.75","23.5","9.5","PKLE"
"PKLE",232,"23.5","20","9","PKLE"
"PKLE",233,"*","*","*","PKLE"
"PKLE",234,"35.75","32","12","PKLE"
"PKLE",235,"35","26.5","10","PKLE"
"PKLE",236,"34.75","26.5","9.5","PKLE"
"PKLE",237,"41","13","6","PKLE"
"PKLE",238,"*","*","*","PKLE"
"PKLE",239,"33.5","25","10.5","PKLE"
"PKLE",240,"*","*","*","PKLE"
"PKLE",241,"*","*","*","PKLE"
"PKLE",242,"28.25","8.5","3.5","PKLE"
"PKLE",243,"44.5","21.5","10","PKLE"
"PKLE",244,"45.75","33","12.5","PKLE"
"PKLE",245,"29.5","20","9.5","PKLE"
"PKLE",246,"43.25","26.5","12","PKLE"
"PKLE",247,"51.5","29","8.5","PKLE"
"PKLE",248,"35.75","22.5","8","PKLE"
"PKLE",249,"*","*","*","PKLE"
"PKLE",250,"45.7","25","12.5","PKLE"
"PKLE",251,"*","*","*","PKLE"
"PKLE",252,"24","17","7","PKLE"
"PKLE",253,"*","*","*","PKLE"
"PKLE",254,"39.75","19.5","9","PKLE"
"PKLE",255,"28","25","8.5","PKLE"
"PKLE",256,"*","*","*","PKLE"
"PKLE",257,"44.5","21.5","9.5","PKLE"
"PKLE",258,"*","*","*","PKLE"
"PKLE",259,"37.75","22","10.5","PKLE"
"PKLE",260,"36.25","30","9.5","PKLE"
"PKLE",261,"42.6","27.5","11.5","PKLE"
"PKLE",262,"*","*","*","PKLE"
"PKLE",263,"48.75","25.5","5.5","PKLE"
"PKLE",264,"49.25","23","11","PKLE"
"PKLE",265,"35.75","4.5","21.5","PKLE"
"PKLE",267,"36.5","34.5","12.5","PKLE"
"PKLE",268,"*","*","*","PKLE"
"PKLE",269,"*","*","*","PKLE"
"PKLE",270,"39.5","38.5","13","PKLE"
"PKLE",271,"*","*","*","PKLE"
"PKLE",272,"28.5","28","9.5","PKLE"
"PKLE",273,"33.75","23.5","9","PKLE"
"PKLE",274,"55.75","34.5","11.5","PKLE"
"PKLE",275,"20.25","21.5","7.5","PKLE"
"PKLE",276,"*","*","*","PKLE"
"PKLE",277,"27","19.5","7.5","PKLE"
"PKLE",278,"*","*","*","PKLE"
"PKLE",279,"35.5","33","13","PKLE"
"PKLE",281,"35","21.5","8.5","PKLE"
"PKLE",282,"*","*","*","PKLE"
"PKLE",283,"*","*","*","PKLE"
"PKLE",284,"36.75","19","9","PKLE"
"PKLE",285,"*","*","*","PKLE"
"PKLE",286,"36","25","8.5","PKLE"
"PKLE",287,"31.25","18.5","7","PKLE"
"PKLE",288,"*","*","*","PKLE"
"PKLE",289,"42","23","10","PKLE"
"PKLE",290,"*","*","*","PKLE"
"PKLE",292,"38","32","9","PKLE"
"PKLE",293,"31.75","9","4","PKLE"
"PKLE",294,"63.75","33.5","10.5","PKLE"
"PKLE",296,"43.75","33.5","9.5","PKLE"
"PKLE",297,"36.5","23.5","10.5","PKLE"
"PKLE",298,"*","*","*","PKLE"
"PKLE",299,"39.5","26","10","PKLE"
"PKLE",300,"33","25","12","PKLE"
"PKLE",301,"35","20.5","8","PKLE"
"PKLE",302,"45.5","17.5","5","PKLE"
"PKLE",303,"46.75","30.5","12","PKLE"
"PKLE",304,"*","*","*","PKLE"
"PKLE",305,"32.5","28.5","9","PKLE"
"PKLE",306,"28.75","28.5","8","PKLE"
"PKLE",307,"*","*","*","PKLE"
"PKLE",308,"49","26.5","11.5","PKLE"
"PKLE",310,"40.75","25.5","13.5","PKLE"
"PKLE",311,"52.5","28","6","PKLE"
"PKLE",312,"45.5","28","11.5","PKLE"
"PKLE",313,"30.5","22.5","8","PKLE"
"PKLE",314,"37.25","26","11.5","PKLE"
"PKLE",315,"32.25","21.5","8.5","PKLE"
"PKLE",317,"36.5","18","5.5","PKLE"
"PKLE",318,"32","17.5","9","PKLE"
"PKLE",319,"*","*","*","PKLE"
"PKLE",320,"52","15","6.5","PKLE"
"PKLE",322,"47.75","32","10","PKLE"
"PKLE",323,"31.25","30","9.5","PKLE"
"PKLE",324,"36","32.5","9","PKLE"
"PKLE",325,"45.5","31.5","13","PKLE"
"PKLE",326,"*","*","*","PKLE"
"PKLE",328,"35.25","24","7.5","PKLE"
"PKLE",330,"36.5","18","7.5","PKLE"
"PKLE",332,"39.05","24","12.5","PKLE"
"PKLE",333,"40.25","33","12","PKLE"
"PKLE",334,"38.7","28","9.5","PKLE"
"PKLE",335,"27.5","29","9","PKLE"
"PKLE",336,"50","31.5","15.5","PKLE"
"PKLE",337,"40","10","5","PKLE"
"PKLE",338,"40","35","12.5","PKLE"
"PKLE",339,"38.75","27","11.5","PKLE"
"PKLE",340,"32.25","20.5","10.5","PKLE"
"PKLE",341,"31","20","11","PKLE"
"PKLE",342,"36","15","9","PKLE"
"PKLE",343,"54.25","15.5","6","PKLE"
"PKLE",345,"54.75","14.5","6.5","PKLE"
"PKLE",346,"34","19.5","7","PKLE"
"PKLE",347,"34.5","25","10.5","PKLE"
"PKLE",349,"33.5","30","9.5","PKLE"
"PKLE",350,"46","36","11.5","PKLE"
"PKLE",352,"35","22","9.5","PKLE"
"PKLE",353,"42.5","30","11","PKLE"
"PKLE",354,"26","15.5","5.5","PKLE"
"PKLE",355,"*","*","*","PKLE"
"PKLE",356,"42.3","21","11","PKLE"
"PKLE",358,"43.75","25.5","8.5","PKLE"
"PKLE",359,"30.75","29.5","8.5","PKLE"
"PKLE",360,"43","24.5","10.5","PKLE"
"PKLE",361,"31","25.5","6.5","PKLE"
"PKLE",363,"37.75","24.5","8.5","PKLE"
"PKLE",364,"43.5","30.5","11","PKLE"
"PKLE",365,"31.75","17","9.5","PKLE"
"PKLE",366,"46.75","22","12.5","PKLE"
"PKLE",367,"38.25","33","12.5","PKLE"
"PKLE",368,"40","25.5","7.5","PKLE"
"PKLE",369,"47.25","22","9.5","PKLE"
"PKLE",370,"51.75","16.5","5","PKLE"
"PKLE",371,"46.75","23.5","14.5","PKLE"
"PKLE",372,"41.55","30","12","PKLE"
"PKLE",373,"36","15.5","9","PKLE"
"PKLE",374,"35.5","23.5","10.5","PKLE"
"PKLE",375,"40","30","14.5","PKLE"
"PKLE",377,"*","*","*","PKLE"
"PKLE",378,"29.75","22","9","PKLE"
"PKLE",379,"43.75","32","12.5","PKLE"
"PKLE",380,"34.75","30.5","9.5","PKLE"
"PKLE",381,"39.5","33.5","10","PKLE"
"PKLE",382,"38.25","17.5","9.5","PKLE"
"PKLE",383,"45","30.5","10","PKLE"
"PKLE",384,"31.25","23","7.5","PKLE"
"PKLE",386,"38.5","30.5","9.5","PKLE"
"PKLE",388,"46.5","28","9.5","PKLE"
"PKLE",389,"29.75","26.5","15.5","PKLE"
"PKLE",390,"49.75","30","7","PKLE"
"PKLE",391,"41.75","22.5","9","PKLE"
"PKLE",392,"41.75","29","12","PKLE"
"PKLE",393,"46.75","30","12","PKLE"
"PKLE",394,"*","*","*","PKLE"
"PKLE",395,"31.75","24.5","7","PKLE"
"PKLE",396,"38","27.5","9","PKLE"
"PKLE",397,"42.75","28.5","9","PKLE"
"PKLE",398,"*","*","*","PKLE"
"PKLE",399,"38.5","18","10","PKLE"
"PKLE",400,"35","22.5","8.5","PKLE"
"PKLE",402,"58","31","12","PKLE"
"PKLE",403,"*","*","*","PKLE"
"PKLE",404,"47.25","28","10","PKLE"
"PKLE",405,"30.5","18.5","8","PKLE"
"PKLE",406,"*","*","*","PKLE"
"PKLE",407,"43.5","24.5","8.5","PKLE"
"PKLE",408,"36.75","26.5","8.5","PKLE"
"PKLE",409,"33.25","31","8.5","PKLE"
"PKLE",410,"31.25","18.5","8","PKLE"
"PKLE",411,"37.5","22.5","10.5","PKLE"
"PKLE",412,"49","29.5","6.5","PKLE"
"PKLE",413,"39.5","20","10","PKLE"
"PKLE",414,"52.25","26","11.5","PKLE"
"PKLE",415,"32","23","12","PKLE"
"PKLE",416,"49.75","15.5","8.5","PKLE"
"PKLE",417,"21.5","15.5","7.5","PKLE"
"PKLE",418,"*","*","*","PKLE"
"PKLE",419,"*","*","*","PKLE"
"PKLE",420,"45.75","28","11","PKLE"
"PKLE",421,"30.5","18.5","6.5","PKLE"
"PKLE",422,"24","22","6","PKLE"
"PKLE",423,"*","*","*","PKLE"
"PKLE",424,"20.75","21.5","11.5","PKLE"
"PKLE",425,"50.6","29","12","PKLE"
"PKLE",426,"33.75","13","6","PKLE"
"PKLE",427,"*","*","*","PKLE"
"PKLE",428,"37","16","5.5","PKLE"
"PKLE",429,"42.5","24","10.5","PKLE"
"PKLE",431,"41.3","25.5","10","PKLE"
"PKLE",432,"40.5","24.5","10.5","PKLE"
"PKLE",433,"34","21.5","9.5","PKLE"
"PKLE",435,"52.25","41.5","15","PKLE"
"PKLE",436,"48","16.5","8.5","PKLE"
"PKLE",437,"36.55","30.5","10.5","PKLE"
"PKLE",438,"*","*","*","PKLE"
"PKLE",439,"38.75","23","9.5","PKLE"
"PKLE",440,"48","25.5","8","PKLE"
"PKLE",442,"57.5","25","10","PKLE"
"PKLE",443,"35.5","34","10.5","PKLE"
"PKLE",444,"37.75","22.5","9","PKLE"
"PKLE",445,"40.75","19.5","4","PKLE"
"PKLE",446,"34.5","27.5","10","PKLE"
"PKLE",447,"30.5","34","9","PKLE"
"PKLE",448,"36.25","26","9.5","PKLE"
"PKLE",449,"31.5","21.5","7.5","PKLE"
"PKLE",450,"38","22","11","PKLE"
"PKLE",451,"36.5","20.5","9.5","PKLE"
"PKLE",452,"33.5","19","6.5","PKLE"
"PKLE",453,"35.5","27.5","11.5","PKLE"
"PKLE",454,"*","*","*","PKLE"
"PKLE",455,"*","*","*","PKLE"
"PKLE",456,"43.5","28.5","11","PKLE"
"PKLE",458,"45.25","21","7","PKLE"
"PKLE",459,"40","19.5","7.5","PKLE"
"PKLE",460,"31","33.5","10","PKLE"
"PKLE",461,"52.75","27.5","9","PKLE"
"PKLE",462,"*","*","*","PKLE"
"PKLE",463,"47.925","28.75","12.5","PKLE"
"PKLE",464,"45.25","21.5","11","PKLE"
"PKLE",465,"44.75","31","15","PKLE"
"PKLE",466,"36.55","31","11","PKLE"
"PKLE",467,"31.5","22.5","11","PKLE"
"PKLE",468,"45.5","20.5","9","PKLE"
"PKLE",469,"38.5","24","7.5","PKLE"
"PKLE",470,"44.5","20.5","6","PKLE"
"PKLE",471,"57","30.5","9","PKLE"
"PKLE",472,"25","16.5","7","PKLE"
"PKLE",473,"42","27","12.5","PKLE"
"PKLE",474,"33","23.5","9","PKLE"
"PKLE",475,"51.25","24","11.5","PKLE"
"PKLE",476,"52.55","26","12.5","PKLE"
"PKLE",477,"36.5","25","8","PKLE"
"PKLE",479,"53","26","11","PKLE"
"PKLE",480,"32.25","25","10.5","PKLE"
"PKLE",482,"46.55","29","12","PKLE"
"PKLE",483,"28.25","24.5","10.5","PKLE"
"PKLE",484,"31.25","16.5","9.5","PKLE"
"PKLE",485,"34","26","11","PKLE"
"PKLE",486,"42.45","25","8.5","PKLE"
"PKLE",487,"34.5","22.5","7.5","PKLE"
"PKLE",488,"40.5","17.5","7","PKLE"
"PKLE",489,"37.5","21.5","8.5","PKLE"
"PKLE",491,"46.25","27.5","11.5","PKLE"
"PKLE",492,"46.5","21.5","9","PKLE"
"PKLE",493,"31.425","14","6.5","PKLE"
"PKLE",494,"50.1","34.5","16","PKLE"
"PKLE",495,"36","31","8.5","PKLE"
"PKLE",496,"42.15","30","11","PKLE"
"PKLE",497,"37.75","20","11","PKLE"
"PKLE",498,"31.5","28.5","10.5","PKLE"
"PKLE",499,"53.25","23","6.5","PKLE"
"PKLE",500,"34.5","21","10","PKLE"
"PKLE",501,"38.95","24","12","PKLE"
"PKLE",502,"49","24","12","PKLE"
"PKLE",503,"34.55","27.5","9.5","PKLE"
"PKLE",504,"41.55","22","10","PKLE"
"PKLE",505,"28.75","19","8.5","PKLE"
"PKLE",506,"38.5","26","9","PKLE"
"PKLE",507,"*","*","*","PKLE"
"PKLE",508,"37.95","27","11.5","PKLE"
"PKLE",511,"45","30","10","PKLE"
"PKLE",512,"32.95","15","8.5","PKLE"
"PKLE",513,"31.75","21","7.5","PKLE"
"PKLE",514,"30","20","8.5","PKLE"
"PKLE",515,"39.5","13","6.5","PKLE"
"PKLE",516,"32.6","27","10.5","PKLE"
"PKLE",518,"45","29","12","PKLE"
"PKLE",519,"*","*","*","PKLE"
"PKLE",520,"39","24.5","9.5","PKLE"
"PKLE",521,"27.5","19","8.5","PKLE"
"PKLE",522,"30.75","19.5","10","PKLE"
"PKLE",523,"56.25","20.5","10.5","PKLE"
"PKLE",524,"36.5","25","11.5","PKLE"
"PKLE",525,"50.75","23","7.5","PKLE"
"PKLE",526,"34.95","23","11","PKLE"
"PKLE",527,"31","22.5","9","PKLE"
"PKLE",529,"48","22.5","10.5","PKLE"
"PKLE",530,"41.75","33.5","13","PKLE"
"PKLE",531,"30.5","23.5","11.5","PKLE"
"PKLE",532,"37.75","13","4","PKLE"
"PKLE",533,"26.75","8.5","2.5","PKLE"
"PKLE",534,"36","20","7","PKLE"
"PKLE",535,"39.5","36.5","10.5","PKLE"
"PKLE",536,"34","24.5","10","PKLE"
"PKLE",537,"45.25","30","8.5","PKLE"
"PKLE",539,"27","30.5","10.5","PKLE"
"PKLE",540,"30.5","23","7","PKLE"
"PKLE",541,"23.45","17","8","PKLE"
"PKLE",542,"45.25","27.5","10.5","PKLE"
"PKLE",544,"41.75","32","10","PKLE"
"PKLE",545,"50.3","37.5","14","PKLE"
"PKLE",546,"39.5","29","5.5","PKLE"
"PKLE",547,"45.75","34.5","10.5","PKLE"
"PKLE",548,"29","16.5","5.5","PKLE"
"PKLE",549,"46.85","28.5","13","PKLE"
"PKLE",551,"35.5","23","7.5","PKLE"
"PKLE",552,"39","23.5","11","PKLE"
"PKLE",553,"38.75","16","6.5","PKLE"
"PKLE",555,"45.5","35","12.5","PKLE"
"PKLE",556,"35.5","31.5","12","PKLE"
"PKLE",557,"*","*","*","PKLE"
"PKLE",558,"42","37","10.5","PKLE"
"PKLE",559,"39.5","31","12","PKLE"
"PKLE",560,"46","25.5","13.5","PKLE"
"PKLE",562,"39.75","26.5","10","PKLE"
"PKLE",563,"31.25","24","8.5","PKLE"
"PKLE",564,"50.25","30.5","13","PKLE"
"PKLE",565,"24.25","24","6","PKLE"
"PKLE",566,"32.25","35","12","PKLE"
"PKLE",567,"39.75","22","11","PKLE"
"PKLE",569,"52.25","30.5","9","PKLE"
"PKLE",570,"40","24","12","PKLE"
"PKLE",571,"*","*","*","PKLE"
"PKLE",572,"34.5","24.5","10","PKLE"
"PKLE",573,"33.25","30","10","PKLE"
"PKLE",574,"34","20.5","11","PKLE"
"PKLE",576,"38","22.5","7.5","PKLE"
"PKLE",577,"45.25","22.5","4.5","PKLE"
"PKLE",578,"36.75","32","9","PKLE"
"PKLE",579,"*","*","*","PKLE"
"PKLE",580,"42.65","28","11.5","PKLE"
"PKLE",581,"32.05","30","10","PKLE"
"PKLE",583,"47.5","18.5","7","PKLE"
"PKLE",584,"58.75","25.5","8.5","PKLE"
"PKLE",585,"28.75","19","8","PKLE"
"PKLE",586,"41.75","28.5","12.5","PKLE"
"PKLE",588,"*","*","*","PKLE"
"PKLE",589,"40.5","36","14","PKLE"
"PKLE",592,"39.5","28","8.5","PKLE"
"PKLE",593,"30.25","22","7.5","PKLE"
"PKLE",594,"45.75","24","9","PKLE"
"PKLE",595,"45.5","15","5","PKLE"
"PKLE",596,"42.5","21","8.5","PKLE"
"PKLE",597,"*","*","*","PKLE"
"PKLE",598,"25.95","18.5","8.5","PKLE"
"PKLE",599,"35.175","26.5","11.5","PKLE"
"PKLE",600,"38.575","29.75","12","PKLE"
"PKLE",601,"44.75","46.5","17","PKLE"
"PKLE",602,"56.5","32.5","10","PKLE"
"PKLE",603,"28.5","16","8","PKLE"
"PKLE",604,"41.5","31","10","PKLE"
"PKLE",605,"50","20","7","PKLE"
"PKLE",606,"52.5","33.5","15.5","PKLE"
"PKLE",608,"40.25","24","11.5","PKLE"
"PKLE",609,"40.5","27","12","PKLE"
"PKLE",610,"42.5","14.5","6","PKLE"
"PKLE",611,"48","26","11","PKLE"
"PKLE",612,"26.75","25","13","PKLE"
"PKLE",613,"30.25","17.5","9","PKLE"
"PKLE",614,"52","9.5","22","PKLE"
"PKLE",618,"44","29","15","PKLE"
"PKLE",619,"43.75","27.5","10.5","PKLE"
"PKLE",620,"45","22","8.5","PKLE"
"PKLE",621,"37","31","11","PKLE"
"PKLE",622,"50","29","13.5","PKLE"
"PKLE",623,"*","*","*","PKLE"
"PKLE",624,"*","*","*","PKLE"
"PKLE",625,"39.4","19.5","9.5","PKLE"
"PKLE",627,"36.75","12.5","4.5","PKLE"
"PKLE",628,"44","29","12.5","PKLE"
"PKLE",629,"44.25","39.5","14","PKLE"
"PKLE",630,"*","*","*","PKLE"
"PKLE",632,"45.1","26","13","PKLE"
"PKLE",633,"33.25","28","8.5","PKLE"
"PKLE",634,"45","35","11.5","PKLE"
"PKLE",635,"44","29","9.5","PKLE"
"PKLE",636,"40.5","11.5","5","PKLE"
"PKLE",637,"23","17","6.5","PKLE"
"PKLE",638,"31.95","25","11.5","PKLE"
"PKLE",639,"34.25","26","10.5","PKLE"
"PKLE",640,"35","29","12","PKLE"
"PKLE",641,"38","20","7.5","PKLE"
"PKLE",642,"44.5","22","10","PKLE"
"PKLE",643,"30.5","17.5","7.5","PKLE"
"PKLE",644,"40.5","25.5","10.5","PKLE"
"PKLE",645,"*","*","*","PKLE"
"PKLE",647,"35","19","6.5","PKLE"
"PKLE",648,"34.075","28.75","11.5","PKLE"
"PKLE",649,"32.5","23","7.5","PKLE"
"PKLE",652,"*","*","*","PKLE"
"PKLE",654,"44.7","19.5","9","PKLE"
"PKLE",655,"32","27.5","8.5","PKLE"
"PKLE",656,"45","35.5","9","PKLE"
"PKLE",657,"41.75","17","7","PKLE"
"PKLE",658,"53.25","24","10.5","PKLE"
"PKLE",660,"32","24","10.5","PKLE"
"PKLE",661,"30.5","20","10.5","PKLE"
"PKLE",663,"35.75","25","8.5","PKLE"
"PKLE",664,"48.75","18","6.5","PKLE"
"PKLE",666,"41","22.5","5.5","PKLE"
"PKLE",667,"45.75","24.5","11","PKLE"
"PKLE",668,"47","18.5","6","PKLE"
"PKLE",669,"27","24.5","8.5","PKLE"
"PKLE",670,"56","21.5","8","PKLE"
"PKLE",671,"*","*","*","PKLE"
"PKLE",672,"36","18.5","8","PKLE"
"PKLE",673,"30","16.5","8.5","PKLE"
"PKLE",674,"45","30","11","PKLE"
"PKLE",675,"39.25","24","8","PKLE"
"PKLE",677,"44.775","22","9.25","PKLE"
"PKLE",679,"51.75","14.5","7.5","PKLE"
"PKLE",680,"28.75","22.5","7","PKLE"
"PKLE",681,"51.3","28","10.5","PKLE"
"PKLE",682,"32.75","21","7.5","PKLE"
"PKLE",683,"34","29","11.5","PKLE"
"PKLE",684,"53.5","38","12","PKLE"
"PKLE",685,"34.25","17.5","9","PKLE"
"PKLE",686,"43","25","11.5","PKLE"
"PKLE",689,"32.5","23","7","PKLE"
"PKLE",690,"25.5","29","8.5","PKLE"
"PKLE",691,"44.25","23","10.5","PKLE"
"PKLE",692,"43.25","25.5","9.5","PKLE"
"PKLE",693,"42.5","26","5.5","PKLE"
"PKLE",694,"42.75","19.5","10.5","PKLE"
"PKLE",695,"34.5","24","9.5","PKLE"
"PKLE",696,"48.5","14.5","6.5","PKLE"
"PKLE",697,"32.5","17","8","PKLE"
"PKLE",698,"37.4","22.5","12","PKLE"
"PKLE",699,"42.75","32","13.5","PKLE"
"PKLE",700,"*","*","*","PKLE"
"PKLE",702,"34","21","9","PKLE"
"PKLE",703,"32.5","16","8.5","PKLE"
"PKLE",704,"43.45","33","15.5","PKLE"
"PKLE",705,"38","20","8.5","PKLE"
"PKLE",706,"30.75","15.5","8.5","PKLE"
"PKLE",707,"*","*","*","PKLE"
"PKLE",708,"30.75","28","9","PKLE"
"PKLE",710,"42.9","30.5","14","PKLE"
"PKLE",711,"40.5","27","10.5","PKLE"
"PKLE",712,"23.25","19.5","6","PKLE"
"PKLE",713,"33.25","20.5","11","PKLE"
"PKLE",714,"28","12","2.5","PKLE"
"PKLE",715,"35.75","28","9.5","PKLE"
"PKLE",716,"41.5","25","9","PKLE"
"PKLE",718,"39.475","22.75","9.75","PKLE"
"PKLE",719,"49.5","28.5","9.5","PKLE"
"PKLE",720,"50","22","7","PKLE"
"PKLE",721,"45.5","19.5","6.5","PKLE"
"PKLE",722,"45","10.5","9","PKLE"
"PKLE",723,"40.25","35","10.5","PKLE"
"PKLE",724,"*","*","*","PKLE"
"PKLE",725,"33","26","12","PKLE"
"PKLE",726,"41.5","28.5","11.5","PKLE"
"PKLE",729,"34.25","17.5","6.5","PKLE"
"PKLE",730,"41.75","17.5","7.5","PKLE"
"PKLE",731,"*","*","*","PKLE"
"PKLE",732,"39.75","26","9","PKLE"
"PKLE",733,"49.5","18","6","PKLE"
"PKLE",734,"52.5","35","7.5","PKLE"
"PKLE",735,"45.5","31.5","11","PKLE"
"PKLE",736,"38","29","11.5","PKLE"
"PKLE",737,"27","23.5","7","PKLE"
"PKLE",738,"45","25.5","11","PKLE"
"PKLE",739,"33","22","9.5","PKLE"
"PKLE",740,"48","35.5","13.5","PKLE"
"PKLE",742,"38.25","22.5","8.5","PKLE"
"PKLE",743,"*","*","*","PKLE"
"PKLE",744,"*","*","*","PKLE"
"PKLE",745,"49","17","7.5","PKLE"
"PKLE",746,"36.5","25","10.5","PKLE"
"PKLE",748,"52.5","26","13.5","PKLE"
"PKLE",749,"39.25","21.5","12.5","PKLE"
"PKLE",750,"25.8","18.5","9","PKLE"
"PKLE",751,"39.75","26.5","9","PKLE"
"PKLE",752,"35","17","8","PKLE"
"PKLE",753,"46.75","31.5","12.5","PKLE"
"PKLE",755,"37.5","25","8.5","PKLE"
"PKLE",756,"29.75","20.5","10.5","PKLE"
"PKLE",757,"45.25","18.5","6.5","PKLE"
"PKLE",758,"20.5","19","9.5","PKLE"
"PKLE",759,"39","29.5","11.5","PKLE"
"PKLE",760,"43.75","33","4.5","PKLE"
"PKLE",761,"39","19","8","PKLE"
"PKLE",762,"50.2","30.5","13","PKLE"
"PKLE",763,"*","*","*","PKLE"
"PKLE",764,"45.25","23","11","PKLE"
"PKLE",765,"51.25","24.5","10","PKLE"
"PKLE",766,"27.5","21.5","10","PKLE"
"PKLE",767,"44.5","21","7.5","PKLE"
"PKLE",768,"34","27","10","PKLE"
"PKLE",769,"35.05","20","9.5","PKLE"
"PKLE",770,"33.75","30","9","PKLE"
"PKLE",771,"*","*","*","PKLE"
"PKLE",772,"46.5","15.5","5","PKLE"
"PKLE",773,"46.25","22","11","PKLE"
"PKLE",774,"35.6","21.5","8","PKLE"
"PKLE",775,"34.25","24","10.5","PKLE"
"PKLE",776,"29.75","24","7","PKLE"
"PKLE",777,"*","*","*","PKLE"
"PKLE",778,"29.5","21","8","PKLE"
"PKLE",779,"27.75","17.5","9.5","PKLE"
"PKLE",780,"60","26.5","9","PKLE"
"PKLE",781,"36.25","21.5","9.5","PKLE"
"PKLE",782,"32.5","23.5","10","PKLE"
"PKLE",783,"51.5","32.5","10","PKLE"
"PKLE",784,"*","*","*","PKLE"
"PKLE",785,"43.5","30","10","PKLE"
"PKLE",786,"24","23","6.5","PKLE"
"PKLE",787,"*","*","*","PKLE"
"PKLE",788,"33.5","31.5","11.5","PKLE"
"PKLE",789,"46.5","22","9.5","PKLE"
"PKLE",790,"*","*","*","PKLE"
"PKLE",792,"*","*","*","PKLE"
"PKLE",794,"31.65","23","9","PKLE"
"PKLE",795,"35","30","10.5","PKLE"
"PKLE",796,"44.75","23.5","8","PKLE"
"PKLE",797,"38.4","22","11.5","PKLE"
"PKLE",799,"52.5","28.5","11.5","PKLE"
"PKLE",800,"27","28.5","7.5","PKLE"
"PKLE",801,"43","23","11","PKLE"
"PKLE",802,"33.5","35.5","10.5","PKLE"
"PKLE",803,"32.7","24.5","9","PKLE"
"PKLE",804,"36.5","19.5","10","PKLE"
"PKLE",805,"37","32","8.5","PKLE"
"PKLE",806,"34","29","8.5","PKLE"
"PKLE",808,"32.5","24","8.5","PKLE"
"PKLE",809,"40.5","32.5","12.5","PKLE"
"PKLE",810,"36","32.5","10.5","PKLE"
"PKLE",811,"26.5","25.5","9","PKLE"
"PKLE",812,"*","*","*","PKLE"
"PKLE",813,"27.25","19","10.5","PKLE"
"PKLE",814,"50.25","18.5","8","PKLE"
"PKLE",815,"30.4","22.5","9.5","PKLE"
"PKLE",816,"40","27.5","11","PKLE"
"PKLE",817,"*","*","*","PKLE"
"PKLE",818,"51.5","29.5","12","PKLE"
"PKLE",819,"*","*","*","PKLE"
"PKLE",820,"*","*","*","PKLE"
"PKLE",821,"41.5","25.5","11.5","PKLE"
"PKLE",822,"33.25","25","11","PKLE"
"PKLE",823,"*","*","*","PKLE"
"PKLE",824,"32.5","33","9","PKLE"
"PKLE",825,"34.25","26","9.5","PKLE"
