"chr","QTL","pos_lo","pos_hi","TRAIT","seqid","source","type","start","end","locusName","GO","Best.hit.arabi.name","arabi.symbol","arabi.defline","Best.hit.rice.name","rice.defline","OsGene"
"Chr03N","3N@62.06",24521536,30303640,"LEN","Chr03N","phytozomev13","gene",29410088,29411139,"Pavir.3NG035900","","","","","LOC_Os11g33260","retrotransposon protein, putative, unclassified, expressed",NA
"Chr03N","3N@62.06",24521536,30303640,"LEN","Chr03N","phytozomev13","gene",29191676,29199603,"Pavir.3NG074200","GO:0016020","AT4G02900","","ERD (early-responsive to dehydration stress) family protein","LOC_Os05g32720","early-responsive to dehydration protein-related, putative, expressed",NA
"Chr03N","3N@62.06",24521536,30303640,"LEN","Chr03N","phytozomev13","gene",29227683,29230336,"Pavir.3NG074201","GO:0005975,GO:0004553,GO:0003824","AT1G03310","ATISA2,BE2,DBE1,ISA2","debranching enzyme 1","LOC_Os05g32710","Alpha amylase, catalytic domain containing protein, expressed","OsISA2 "
"Chr03N","3N@62.06",24521536,30303640,"LEN","Chr03N","phytozomev13","gene",29148635,29150189,"Pavir.3NG074700","GO:0016747","AT5G42830","","HXXXD-type acyl-transferase family protein","LOC_Os07g04970","transferase family protein, putative, expressed",NA
"Chr03N","3N@62.06",24521536,30303640,"LEN","Chr03N","phytozomev13","gene",29081320,29081765,"Pavir.3NG075000","","","","","LOC_Os05g32770","expressed protein",NA
"Chr03N","3N@62.06",24521536,30303640,"LEN","Chr03N","phytozomev13","gene",29064640,29065944,"Pavir.3NG075200","","","","","LOC_Os05g32790","expressed protein",NA
"Chr03N","3N@62.06",24521536,30303640,"LEN","Chr03N","phytozomev13","gene",29054751,29059451,"Pavir.3NG075300","","AT1G03290","","","LOC_Os10g16440","CUE domain containing protein, expressed",NA
"Chr03N","3N@62.06",24521536,30303640,"LEN","Chr03N","phytozomev13","gene",29050994,29053310,"Pavir.3NG075400","","AT5G05480","","Peptide-N4-(N-acetyl-beta-glucosaminyl)asparagine amidase A protein","LOC_Os05g32820","peptide-N4-asparagine amidase A, putative, expressed",NA
"Chr03N","3N@62.06",24521536,30303640,"LEN","Chr03N","phytozomev13","gene",29024743,29033151,"Pavir.3NG075500","","AT4G14240","","CBS domain-containing protein with a domain of unknown function (DUF21)","LOC_Os05g32850","CBS domain containing protein, expressed",NA
"Chr03N","3N@62.06",24521536,30303640,"LEN","Chr03N","phytozomev13","gene",29020374,29021318,"Pavir.3NG075700","","","","","LOC_Os11g42310","OsFBL58 - F-box domain and LRR containing protein, expressed",NA
"Chr03N","3N@62.06",24521536,30303640,"LEN","Chr03N","phytozomev13","gene",29011447,29016565,"Pavir.3NG075800","","AT3G06150","","","LOC_Os05g32960","expressed protein",NA
"Chr03N","3N@62.06",24521536,30303640,"LEN","Chr03N","phytozomev13","gene",29003319,29006687,"Pavir.3NG076000","","AT5G19190","","","LOC_Os05g32970","expressed protein",NA
"Chr03N","3N@62.06",24521536,30303640,"LEN","Chr03N","phytozomev13","gene",28976567,28990350,"Pavir.3NG076400","GO:0016020,GO:0015031","AT2G31530","EMB2289,SCY2","SecY protein transport family protein","LOC_Os05g33020","preprotein translocase subunit secY, putative, expressed",NA
"Chr03N","3N@62.06",24521536,30303640,"LEN","Chr03N","phytozomev13","gene",28991655,28993649,"Pavir.3NG076401","","AT5G19080","","RING/U-box superfamily protein","LOC_Os05g33000","E3 ubiquitin-protein ligase MGRN1, putative, expressed",NA
"Chr03N","3N@62.06",24521536,30303640,"LEN","Chr03N","phytozomev13","gene",29001827,29002962,"Pavir.3NG076402","","","","","","",NA
"Chr03N","3N@62.06",24521536,30303640,"LEN","Chr03N","phytozomev13","gene",28970916,28974957,"Pavir.3NG076500","","AT3G05345","","Chaperone DnaJ-domain superfamily protein","LOC_Os05g33010","heat shock protein DnaJ, putative, expressed",NA
"Chr03N","3N@62.06",24521536,30303640,"LEN","Chr03N","phytozomev13","gene",28976330,28977541,"Pavir.3NG076501","","","","","","",NA
"Chr03N","3N@62.06",24521536,30303640,"LEN","Chr03N","phytozomev13","gene",28965847,28970575,"Pavir.3NG076600","GO:0008017,GO:0007018,GO:0005524,GO:0003777,GO:0005871","AT5G27550","","P-loop containing nucleoside triphosphate hydrolases superfamily protein","LOC_Os05g33030","kinesin motor domain containing protein, putative, expressed",NA
"Chr03N","3N@62.06",24521536,30303640,"LEN","Chr03N","phytozomev13","gene",28964339,28965561,"Pavir.3NG076700","","AT3G05327","","Cyclin family protein","LOC_Os05g33040","cyclin, putative, expressed","OsCYCP1;1 "
"Chr03N","3N@62.06",24521536,30303640,"LEN","Chr03N","phytozomev13","gene",28381735,28384167,"Pavir.3NG076900","GO:0005515","AT1G03440","","Leucine-rich repeat (LRR) family protein","LOC_Os05g33690","receptor-like protein kinase precursor, putative, expressed",NA
"Chr03N","3N@62.06",24521536,30303640,"LEN","Chr03N","phytozomev13","gene",28415206,28417952,"Pavir.3NG076901","GO:0055114,GO:0020037,GO:0016705,GO:0005506","AT1G75130","CYP721A1","cytochrome P450, family 721, subfamily A, polypeptide 1","LOC_Os05g33600","cytochrome P450 72A1, putative, expressed",NA
"Chr03N","3N@62.06",24521536,30303640,"LEN","Chr03N","phytozomev13","gene",28417587,28419189,"Pavir.3NG076902","","AT3G21570","","","LOC_Os05g33580","expressed protein",NA
"Chr03N","3N@62.06",24521536,30303640,"LEN","Chr03N","phytozomev13","gene",28421511,28423832,"Pavir.3NG076903","","","","","","",NA
"Chr03N","3N@62.06",24521536,30303640,"LEN","Chr03N","phytozomev13","gene",28424333,28438830,"Pavir.3NG076904","GO:0016772,GO:0016310,GO:0016301,GO:0005524,GO:0050242,GO:0006090","AT4G15530","PPDK","pyruvate orthophosphate dikinase","LOC_Os05g33570","pyruvate, phosphate dikinase, chloroplast precursor, putative, expressed","FLO4|OsPPDKB|ppdk|OsC4PPDK "
"Chr03N","3N@62.06",24521536,30303640,"LEN","Chr03N","phytozomev13","gene",28439323,28441453,"Pavir.3NG076905","","","","","","",NA
"Chr03N","3N@62.06",24521536,30303640,"LEN","Chr03N","phytozomev13","gene",28441215,28443918,"Pavir.3NG076906","GO:0005634,GO:0003677,GO:0008270","AT4G22745","MBD1","methyl-CPG-binding domain 1","LOC_Os05g33550","methyl-binding domain protein MBD, putative, expressed",NA
"Chr03N","3N@62.06",24521536,30303640,"LEN","Chr03N","phytozomev13","gene",28466742,28467185,"Pavir.3NG076907","","","","","","",NA
"Chr03N","3N@62.06",24521536,30303640,"LEN","Chr03N","phytozomev13","gene",28511673,28512365,"Pavir.3NG076908","","","","","","",NA
"Chr03N","3N@62.06",24521536,30303640,"LEN","Chr03N","phytozomev13","gene",28512822,28517572,"Pavir.3NG076909","","AT2G48070","RPH1","resistance to phytophthora 1","LOC_Os05g33520","expressed protein",NA
"Chr03N","3N@62.06",24521536,30303640,"LEN","Chr03N","phytozomev13","gene",28519898,28521380,"Pavir.3NG076910","","AT5G18920","","Cox19-like CHCH family protein","","",NA
"Chr03N","3N@62.06",24521536,30303640,"LEN","Chr03N","phytozomev13","gene",28522324,28525094,"Pavir.3NG076911","GO:0055114,GO:0033743,GO:0030091,GO:0016671,GO:0006979","AT4G21860","MSRB2","methionine sulfoxide reductase B 2","LOC_Os05g33510","peptide methionine sulfoxide reductase msrB, putative, expressed",NA
"Chr03N","3N@62.06",24521536,30303640,"LEN","Chr03N","phytozomev13","gene",28569074,28570183,"Pavir.3NG076912","","AT2G40730","","Protein kinase family protein with ARM repeat domain","LOC_Os01g60440","HEAT repeat family protein, putative, expressed",NA
"Chr03N","3N@62.06",24521536,30303640,"LEN","Chr03N","phytozomev13","gene",28571909,28573748,"Pavir.3NG076913","GO:0006355,GO:0005739,GO:0003690","AT4G02990","","Mitochondrial transcription termination factor family protein","LOC_Os05g33500","mTERF domain containing protein, expressed",NA
"Chr03N","3N@62.06",24521536,30303640,"LEN","Chr03N","phytozomev13","gene",28582755,28583498,"Pavir.3NG076914","","","","","","",NA
"Chr03N","3N@62.06",24521536,30303640,"LEN","Chr03N","phytozomev13","gene",28584971,28585719,"Pavir.3NG076915","","","","","","",NA
"Chr03N","3N@62.06",24521536,30303640,"LEN","Chr03N","phytozomev13","gene",28599251,28600790,"Pavir.3NG076916","GO:0006355,GO:0005739,GO:0003690","AT5G07900","","Mitochondrial transcription termination factor family protein","LOC_Os05g33440","mTERF domain containing protein, expressed",NA
"Chr03N","3N@62.06",24521536,30303640,"LEN","Chr03N","phytozomev13","gene",28603947,28608060,"Pavir.3NG076917","GO:0016020,GO:0006810,GO:0005215","AT3G04090","SIP1;1,SIP1A","small and basic intrinsic protein 1A","LOC_Os01g08660","aquaporin protein, putative, expressed",NA
"Chr03N","3N@62.06",24521536,30303640,"LEN","Chr03N","phytozomev13","gene",28612364,28613119,"Pavir.3NG076918","","AT5G05960","","Bifunctional inhibitor/lipid-transfer protein/seed storage 2S albumin superfamily protein","LOC_Os04g33920","LTPL102 - Protease inhibitor/seed storage/LTP family protein precursor, expressed",NA
"Chr03N","3N@62.06",24521536,30303640,"LEN","Chr03N","phytozomev13","gene",28619976,28622904,"Pavir.3NG076919","GO:0046983","AT1G19260","","TTF-type zinc finger protein with HAT dimerisation domain","LOC_Os07g15340","hAT dimerisation domain-containing protein, putative, expressed",NA
"Chr03N","3N@62.06",24521536,30303640,"LEN","Chr03N","phytozomev13","gene",28623421,28624962,"Pavir.3NG076920","GO:0006508,GO:0004190","AT1G03220","","Eukaryotic aspartyl protease family protein","LOC_Os05g33400","basic 7S globulin precursor, putative, expressed","OsBphi262 "
"Chr03N","3N@62.06",24521536,30303640,"LEN","Chr03N","phytozomev13","gene",28627841,28638614,"Pavir.3NG076921","GO:0046872,GO:0000166,GO:0016887,GO:0016021,GO:0006812","AT5G23630","MIA,PDR2","phosphate deficiency response 2","LOC_Os05g33390","cation-transporting ATPase, putative, expressed",NA
"Chr03N","3N@62.06",24521536,30303640,"LEN","Chr03N","phytozomev13","gene",28640104,28641522,"Pavir.3NG076922","","AT3G14760","","","LOC_Os02g21530","expressed protein",NA
"Chr03N","3N@62.06",24521536,30303640,"LEN","Chr03N","phytozomev13","gene",28658531,28661738,"Pavir.3NG076923","","","","","LOC_Os02g39390","expressed protein","RSS1 "
"Chr03N","3N@62.06",24521536,30303640,"LEN","Chr03N","phytozomev13","gene",28663389,28666881,"Pavir.3NG076924","","AT4G15470","","Bax inhibitor-1 family protein","LOC_Os05g33360","transmembrane BAX inhibitor motif-containing protein, putative, expressed",NA
"Chr03N","3N@62.06",24521536,30303640,"LEN","Chr03N","phytozomev13","gene",28711830,28712096,"Pavir.3NG076925","","","","","LOC_Os09g06730","retrotransposon protein, putative, unclassified, expressed",NA
"Chr03N","3N@62.06",24521536,30303640,"LEN","Chr03N","phytozomev13","gene",28713779,28714372,"Pavir.3NG076926","","","","","","",NA
"Chr03N","3N@62.06",24521536,30303640,"LEN","Chr03N","phytozomev13","gene",28714391,28728880,"Pavir.3NG076927","","AT2G48080","","oxidoreductase, 2OG-Fe(II) oxygenase family protein","LOC_Os05g33310","oxidoreductase, 2OG-Fe oxygenase family protein, putative, expressed",NA
"Chr03N","3N@62.06",24521536,30303640,"LEN","Chr03N","phytozomev13","gene",28729938,28734238,"Pavir.3NG076928","GO:0019898,GO:0015979,GO:0009654,GO:0009523,GO:0005509","AT5G27390","","Mog1/PsbP/DUF1795-like photosystem II reaction center PsbP family protein","LOC_Os05g33300","tat pathway signal sequence family protein, expressed",NA
"Chr03N","3N@62.06",24521536,30303640,"LEN","Chr03N","phytozomev13","gene",28737164,28738657,"Pavir.3NG076929","","AT1G54780","TLP18.3","thylakoid lumen 18.3 kDa protein","LOC_Os05g33280","thylakoid lumen protein, putative, expressed",NA
"Chr03N","3N@62.06",24521536,30303640,"LEN","Chr03N","phytozomev13","gene",28738630,28742352,"Pavir.3NG076930","GO:0016788","AT1G54790","","GDSL-like Lipase/Acylhydrolase superfamily protein","LOC_Os05g33270","GDSL-like lipase/acylhydrolase, putative, expressed",NA
"Chr03N","3N@62.06",24521536,30303640,"LEN","Chr03N","phytozomev13","gene",28752416,28755533,"Pavir.3NG076931","","","","","LOC_Os10g32470","expressed protein",NA
"Chr03N","3N@62.06",24521536,30303640,"LEN","Chr03N","phytozomev13","gene",28763920,28766607,"Pavir.3NG076932","","","","","","",NA
"Chr03N","3N@62.06",24521536,30303640,"LEN","Chr03N","phytozomev13","gene",28774658,28780377,"Pavir.3NG076933","","AT2G39050","","hydroxyproline-rich glycoprotein family protein","LOC_Os03g21040","stress responsive protein, putative, expressed",NA
"Chr03N","3N@62.06",24521536,30303640,"LEN","Chr03N","phytozomev13","gene",28782918,28788799,"Pavir.3NG076934","GO:0000105","AT2G36230","APG10,HISN3","Aldolase-type TIM barrel family protein","LOC_Os05g33260","1-5-phosphoribosyl-5-5-phosphoribosylaminomethylideneaminoimidazole-4-carboxamide isomerase, chloroplast precursor, putative, expressed",NA
"Chr03N","3N@62.06",24521536,30303640,"LEN","Chr03N","phytozomev13","gene",28788858,28793019,"Pavir.3NG076935","GO:0006351,GO:0003899,GO:0003676","AT5G59180","NRPB7","DNA-directed RNA polymerase II","LOC_Os05g33240","DNA-directed RNA polymerase II subunit RPB7, putative, expressed",NA
"Chr03N","3N@62.06",24521536,30303640,"LEN","Chr03N","phytozomev13","gene",28793391,28798088,"Pavir.3NG076936","","AT3G21580","","cobalt ion transmembrane transporters","LOC_Os05g33230","cobalt ion transporter, putative, expressed",NA
"Chr03N","3N@62.06",24521536,30303640,"LEN","Chr03N","phytozomev13","gene",28799290,28800389,"Pavir.3NG076937","","AT5G18970","","AWPM-19-like family protein","LOC_Os05g33220","AWPM-19-like membrane family protein, putative, expressed",NA
"Chr03N","3N@62.06",24521536,30303640,"LEN","Chr03N","phytozomev13","gene",28800008,28800952,"Pavir.3NG076938","","","","","","",NA
"Chr03N","3N@62.06",24521536,30303640,"LEN","Chr03N","phytozomev13","gene",28803534,28804779,"Pavir.3NG076939","GO:0016998,GO:0006032,GO:0004568","AT3G12500","ATHCHIB,B-CHI,CHI-B,HCHIB,PR-3,PR3","basic chitinase","LOC_Os05g33150","CHIT6 - Chitinase family protein precursor, expressed","CHIA1;175 "
"Chr03N","3N@62.06",24521536,30303640,"LEN","Chr03N","phytozomev13","gene",28806835,28807977,"Pavir.3NG076940","","","","","","",NA
"Chr03N","3N@62.06",24521536,30303640,"LEN","Chr03N","phytozomev13","gene",28815589,28816267,"Pavir.3NG076941","","","","","","",NA
"Chr03N","3N@62.06",24521536,30303640,"LEN","Chr03N","phytozomev13","gene",28817300,28823875,"Pavir.3NG076942","","AT5G49910","cpHsc70-2,CPHSC70-2EAT SHOCK PROTEIN 70-2,HSC70-7","chloroplast heat shock protein 70-2","LOC_Os05g23740","DnaK family protein, putative, expressed","OsHsp70CP1 "
"Chr03N","3N@62.06",24521536,30303640,"LEN","Chr03N","phytozomev13","gene",28829137,28830488,"Pavir.3NG076943","GO:0008061,GO:0016998,GO:0006032,GO:0004568","AT3G12500","ATHCHIB,B-CHI,CHI-B,HCHIB,PR-3,PR3","basic chitinase","LOC_Os05g33130","CHIT17 - Chitinase family protein precursor, expressed","Cht-2 "
"Chr03N","3N@62.06",24521536,30303640,"LEN","Chr03N","phytozomev13","gene",28831303,28834030,"Pavir.3NG076944","GO:0016787","AT3G23570","","alpha/beta-Hydrolases superfamily protein","LOC_Os05g33110","endo-1,3;1,4-beta-D-glucanase precursor, putative, expressed",NA
"Chr03N","3N@62.06",24521536,30303640,"LEN","Chr03N","phytozomev13","gene",28861676,28866502,"Pavir.3NG076945","GO:0008897,GO:0000287","AT3G11470","","4\'-phosphopantetheinyl transferase superfamily","LOC_Os08g14490","dehydrogenase-phosphopantetheinyltransferase, putative, expressed",NA
"Chr03N","3N@62.06",24521536,30303640,"LEN","Chr03N","phytozomev13","gene",28868506,28870389,"Pavir.3NG076946","","","","","LOC_Os10g24150","zinc knuckle family protein, expressed",NA
"Chr03N","3N@62.06",24521536,30303640,"LEN","Chr03N","phytozomev13","gene",28909337,28912905,"Pavir.3NG076947","","AT3G23600","","alpha/beta-Hydrolases superfamily protein","LOC_Os05g33110","endo-1,3;1,4-beta-D-glucanase precursor, putative, expressed",NA
"Chr03N","3N@62.06",24521536,30303640,"LEN","Chr03N","phytozomev13","gene",28915194,28916339,"Pavir.3NG076948","","","","","","",NA
"Chr03N","3N@62.06",24521536,30303640,"LEN","Chr03N","phytozomev13","gene",28926450,28927793,"Pavir.3NG076949","","","","","","",NA
"Chr03N","3N@62.06",24521536,30303640,"LEN","Chr03N","phytozomev13","gene",28927851,28930562,"Pavir.3NG076950","","AT3G23600","","alpha/beta-Hydrolases superfamily protein","LOC_Os05g33100","endo-1,3;1,4-beta-D-glucanase precursor, putative, expressed",NA
"Chr03N","3N@62.06",24521536,30303640,"LEN","Chr03N","phytozomev13","gene",28930831,28934281,"Pavir.3NG076951","","AT3G23600","","alpha/beta-Hydrolases superfamily protein","LOC_Os05g33100","endo-1,3;1,4-beta-D-glucanase precursor, putative, expressed",NA
"Chr03N","3N@62.06",24521536,30303640,"LEN","Chr03N","phytozomev13","gene",28940990,28946252,"Pavir.3NG076952","GO:0006468,GO:0004672","AT1G54820","","Protein kinase superfamily protein","LOC_Os05g33080","serine/threonine-protein kinase, putative, expressed",NA
"Chr03N","3N@62.06",24521536,30303640,"LEN","Chr03N","phytozomev13","gene",28951305,28961576,"Pavir.3NG076953","GO:0005515","AT5G19330","ARIA","ARM repeat protein interacting with  ABF2","LOC_Os05g33050","ABTB1 - Armadillo repeats with a Bric-a-Brac, Tramtrack, Broad Complex BTB domain, expressed",NA
"Chr03N","3N@62.06",24521536,30303640,"LEN","Chr03N","phytozomev13","gene",29509396,29516225,"Pavir.3NG077100","","AT1G30140","","","LOC_Os11g33260","retrotransposon protein, putative, unclassified, expressed",NA
"Chr03N","3N@62.06",24521536,30303640,"LEN","Chr03N","phytozomev13","gene",29517328,29520844,"Pavir.3NG077200","","AT1G19290","","Pentatricopeptide repeat (PPR) superfamily protein","LOC_Os05g19390","PPR repeat containing protein, expressed",NA
"Chr03N","3N@62.06",24521536,30303640,"LEN","Chr03N","phytozomev13","gene",29521140,29522061,"Pavir.3NG077201","","","","","","",NA
"Chr03N","3N@62.06",24521536,30303640,"LEN","Chr03N","phytozomev13","gene",29595039,29598791,"Pavir.3NG077400","","AT3G05290","PNC1","peroxisomal adenine nucleotide carrier 1","LOC_Os05g32630","mitochondrial carrier protein, putative, expressed",NA
"Chr03N","3N@62.06",24521536,30303640,"LEN","Chr03N","phytozomev13","gene",29603754,29605104,"Pavir.3NG077700","","","","","","",NA
"Chr03N","3N@62.06",24521536,30303640,"LEN","Chr03N","phytozomev13","gene",29605949,29607357,"Pavir.3NG077900","GO:0006511","AT1G75950","ASK1,ATSKP1,SKP1,SKP1A,UIP1","S phase kinase-associated protein 1","LOC_Os07g43260","SKP1-like protein 1B, putative, expressed",NA
"Chr03N","3N@62.06",24521536,30303640,"LEN","Chr03N","phytozomev13","gene",29608254,29617982,"Pavir.3NG078000","GO:0005524","AT1G05490","chr31","chromatin remodeling 31","LOC_Os05g32610","required to maintain repression 1, putative, expressed",NA
"Chr03N","3N@62.06",24521536,30303640,"LEN","Chr03N","phytozomev13","gene",29677377,29678085,"Pavir.3NG078001","","","","","","",NA
"Chr03N","3N@62.06",24521536,30303640,"LEN","Chr03N","phytozomev13","gene",29696069,29708367,"Pavir.3NG078100","GO:0006468,GO:0004672","AT1G73690","AT;CDKD;1,CAK3AT,CDKD1;1","cyclin-dependent kinase D1;1","LOC_Os05g32600","cyclin-dependent kinase D-1, putative, expressed","R2 "
"Chr03N","3N@62.06",24521536,30303640,"LEN","Chr03N","phytozomev13","gene",29713479,29726105,"Pavir.3NG078300","GO:0008168,GO:0008152","AT3G60910","","S-adenosyl-L-methionine-dependent methyltransferases superfamily protein","LOC_Os05g32590","methyltransferase, putative, expressed",NA
"Chr03N","3N@62.06",24521536,30303640,"LEN","Chr03N","phytozomev13","gene",29728968,29731522,"Pavir.3NG078400","","AT3G49240","emb1796","Pentatricopeptide repeat (PPR) superfamily protein","LOC_Os11g24570","PPR repeat domain containing protein, putative, expressed",NA
"Chr03N","3N@62.06",24521536,30303640,"LEN","Chr03N","phytozomev13","gene",29771612,29781384,"Pavir.3NG078500","","AT4G17620","","glycine-rich protein","LOC_Os05g32580","glycine-rich protein, putative, expressed",NA
"Chr03N","3N@62.06",24521536,30303640,"LEN","Chr03N","phytozomev13","gene",29772686,29773504,"Pavir.3NG078501","","","","","","",NA
"Chr03N","3N@62.06",24521536,30303640,"LEN","Chr03N","phytozomev13","gene",29782923,29796020,"Pavir.3NG078700","GO:0046872,GO:0006468,GO:0005524,GO:0004672","AT5G13530","KEG","protein kinases;ubiquitin-protein ligases","LOC_Os05g32570","RING E3 ligase protein, putative, expressed",NA
"Chr03N","3N@62.06",24521536,30303640,"LEN","Chr03N","phytozomev13","gene",29023242,29024031,"Pavir.3NG079400","","","","","LOC_Os05g32860","expressed protein",NA
"Chr03N","3N@62.06",24521536,30303640,"LEN","Chr03N","phytozomev13","gene",29128269,29128694,"Pavir.3NG081000","","AT3G18270","CYP77A5P","cytochrome P450, family 77, subfamily A, polypeptide 5 pseudogene","LOC_Os01g04630","muconate cycloisomerase, putative, expressed",NA
"Chr03N","3N@62.06",24521536,30303640,"LEN","Chr03N","phytozomev13","gene",29134753,29134875,"Pavir.3NG081001","","","","","LOC_Os05g32770","expressed protein",NA
"Chr03N","3N@62.06",24521536,30303640,"LEN","Chr03N","phytozomev13","gene",29140148,29140918,"Pavir.3NG081002","","","","","","",NA
"Chr03N","3N@62.06",24521536,30303640,"LEN","Chr03N","phytozomev13","gene",29149009,29149311,"Pavir.3NG081003","GO:0016747","AT5G42830","","HXXXD-type acyl-transferase family protein","LOC_Os11g13970","transferase family protein, putative, expressed",NA
"Chr03N","3N@62.06",24521536,30303640,"LEN","Chr03N","phytozomev13","gene",29158735,29160841,"Pavir.3NG081200","","","","","","",NA
"Chr03N","3N@62.06",24521536,30303640,"LEN","Chr03N","phytozomev13","gene",29180690,29186804,"Pavir.3NG081400","","AT5G25590","","Protein of unknown function (DUF630 and DUF632)","LOC_Os05g32760","BZIP protein, putative, expressed",NA
"Chr03N","3N@62.06",24521536,30303640,"LEN","Chr03N","phytozomev13","gene",29189497,29193127,"Pavir.3NG081500","","AT5G61990","","Pentatricopeptide repeat (PPR) superfamily protein","LOC_Os05g32730","tetratricopeptide-like helical, putative, expressed",NA
"Chr03N","3N@62.06",24521536,30303640,"LEN","Chr03N","phytozomev13","gene",29266777,29271074,"Pavir.3NG085100","","AT2G48120","PAC","pale cress protein (PAC)","LOC_Os05g32680","PAC, putative, expressed",NA
"Chr03N","3N@62.06",24521536,30303640,"LEN","Chr03N","phytozomev13","gene",29272671,29276912,"Pavir.3NG085200","GO:0006412,GO:0005840,GO:0005622,GO:0003735","AT3G06180","","Ribosomal protein L34e superfamily protein","LOC_Os05g32670","pentatricopeptide repeat-containing protein, putative, expressed",NA
"Chr03N","3N@62.06",24521536,30303640,"LEN","Chr03N","phytozomev13","gene",29396681,29397465,"Pavir.3NG085201","","","","","","",NA
"Chr03N","3N@62.06",24521536,30303640,"LEN","Chr03N","phytozomev13","gene",29397910,29398914,"Pavir.3NG085202","","","","","","",NA
"Chr03N","3N@62.06",24521536,30303640,"LEN","Chr03N","phytozomev13","gene",29398758,29403026,"Pavir.3NG085400","","AT3G05990","","Leucine-rich repeat (LRR) family protein","LOC_Os05g32660","leucine-rich repeat family protein, putative, expressed",NA
"Chr03N","3N@62.06",24521536,30303640,"LEN","Chr03N","phytozomev13","gene",29802559,29805177,"Pavir.3NG085900","","AT1G48100","","Pectin lyase-like superfamily protein","LOC_Os05g20020","polygalacturonase, putative, expressed",NA
"Chr03N","3N@62.06",24521536,30303640,"LEN","Chr03N","phytozomev13","gene",29856933,29866127,"Pavir.3NG086100","GO:0016757","AT2G41640","","Glycosyltransferase family 61 protein","LOC_Os05g32544","glycosyltransferase, putative, expressed",NA
"Chr03N","3N@62.06",24521536,30303640,"LEN","Chr03N","phytozomev13","gene",29866329,29873889,"Pavir.3NG086700","GO:0005975,GO:0004553,GO:0033947","AT1G09010","","glycoside hydrolase family 2 protein","LOC_Os05g32530","mannosylglycoprotein endo-beta-mannosidase, putative, expressed",NA
"Chr03N","3N@62.06",24521536,30303640,"LEN","Chr03N","phytozomev13","gene",29890173,29894706,"Pavir.3NG086900","","AT2G41770","","Protein of unknown function (DUF288)","LOC_Os05g32500","expressed protein",NA
"Chr03N","3N@62.06",24521536,30303640,"LEN","Chr03N","phytozomev13","gene",29895719,29896038,"Pavir.3NG086901","","","","","","",NA
"Chr03N","3N@62.06",24521536,30303640,"LEN","Chr03N","phytozomev13","gene",29916081,29920437,"Pavir.3NG087100","","AT5G26230","","","LOC_Os05g32440","expressed protein",NA
"Chr03N","3N@62.06",24521536,30303640,"LEN","Chr03N","phytozomev13","gene",29927305,29933774,"Pavir.3NG087400","","AT5G58003","CPL4","C-terminal domain phosphatase-like 4","LOC_Os05g32430","NLI interacting factor-like phosphatase, putative, expressed",NA
"Chr03N","3N@62.06",24521536,30303640,"LEN","Chr03N","phytozomev13","gene",29961114,29962541,"Pavir.3NG087500","","AT4G02810","","Protein of unknown function (DUF3049)","LOC_Os05g32420","expressed protein",NA
"Chr03N","3N@62.06",24521536,30303640,"LEN","Chr03N","phytozomev13","gene",30005448,30017833,"Pavir.3NG087800","GO:0005525","AT1G03160","FZL","FZO-like","LOC_Os05g32390","FZL, putative, expressed",NA
"Chr03N","3N@62.06",24521536,30303640,"LEN","Chr03N","phytozomev13","gene",30014375,30015022,"Pavir.3NG087801","","","","","","",NA
"Chr03N","3N@62.06",24521536,30303640,"LEN","Chr03N","phytozomev13","gene",30024011,30027543,"Pavir.3NG087802","GO:0006629","AT1G06800","PLA-I{gamma}1","alpha/beta-Hydrolases superfamily protein","LOC_Os05g32380","phospholipase, putative, expressed",NA
"Chr03N","3N@62.06",24521536,30303640,"LEN","Chr03N","phytozomev13","gene",30030453,30031878,"Pavir.3NG087803","","","","","","",NA
"Chr03N","3N@62.06",24521536,30303640,"LEN","Chr03N","phytozomev13","gene",30071807,30072528,"Pavir.3NG087804","","","","","","",NA
"Chr03N","3N@62.06",24521536,30303640,"LEN","Chr03N","phytozomev13","gene",30078669,30082864,"Pavir.3NG110600","GO:0005524,GO:0003676,GO:0004386","AT2G35340","MEE29","helicase domain-containing protein","LOC_Os05g32370","ATP-dependent RNA helicase, putative, expressed",NA
"Chr03N","3N@62.06",24521536,30303640,"LEN","Chr03N","phytozomev13","gene",30095452,30095711,"Pavir.3NG110601","","","","","","",NA
"Chr03N","3N@62.06",24521536,30303640,"LEN","Chr03N","phytozomev13","gene",30128316,30129047,"Pavir.3NG110602","","AT2G01080","","Late embryogenesis abundant (LEA) hydroxyproline-rich glycoprotein family","LOC_Os03g15630","harpin-induced protein 1 domain containing protein, expressed",NA
"Chr03N","3N@62.06",24521536,30303640,"LEN","Chr03N","phytozomev13","gene",30141370,30142868,"Pavir.3NG110603","","AT3G12860","","NOP56-like pre RNA processing ribonucleoprotein","LOC_Os03g22880","nucleolar protein 5A, putative, expressed",NA
"Chr03N","3N@62.06",24521536,30303640,"LEN","Chr03N","phytozomev13","gene",30179225,30182257,"Pavir.3NG110604","GO:0005515","AT5G64630","FAS2,MUB3.9,NFB01,NFB1","Transducin/WD40 repeat-like superfamily protein","LOC_Os08g01680","WD domain, G-beta repeat domain containing protein, expressed",NA
"Chr03N","3N@62.06",24521536,30303640,"LEN","Chr03N","phytozomev13","gene",30189312,30194433,"Pavir.3NG111400","","AT1G31500","","DNAse I-like superfamily protein","LOC_Os05g32330","endonuclease/exonuclease/phosphatase family domain containing protein, expressed",NA
"Chr03N","3N@62.06",24521536,30303640,"LEN","Chr03N","phytozomev13","gene",30195214,30198491,"Pavir.3NG111500","GO:0016021,GO:0006810","AT1G64890","","Major facilitator superfamily protein","LOC_Os05g32320","integral membrane transporter family protein, putative, expressed",NA
"Chr03N","3N@62.06",24521536,30303640,"LEN","Chr03N","phytozomev13","gene",30201143,30204212,"Pavir.3NG111600","","AT5G48870","SAD1","Small nuclear ribonucleoprotein family protein","LOC_Os05g32310","LSM domain containing protein, expressed",NA
"Chr03N","3N@62.06",24521536,30303640,"LEN","Chr03N","phytozomev13","gene",30224906,30236459,"Pavir.3NG111800","GO:0055114,GO:0016627,GO:0016021,GO:0006784","AT5G56090","COX15","cytochrome c oxidase 15","LOC_Os08g38720","cytochrome c oxidase assembly protein COX15, putative, expressed",NA
"Chr03N","3N@62.06",24521536,30303640,"LEN","Chr03N","phytozomev13","gene",30231928,30232371,"Pavir.3NG111900","","","","","","",NA
"Chr03N","3N@62.06",24521536,30303640,"LEN","Chr03N","phytozomev13","gene",30250449,30251009,"Pavir.3NG111901","","","","","LOC_Os05g32300","expressed protein",NA
"Chr03N","3N@62.06",24521536,30303640,"LEN","Chr03N","phytozomev13","gene",30259608,30260450,"Pavir.3NG112300","","","","","LOC_Os01g48430","expressed protein",NA
"Chr03N","3N@62.06",24521536,30303640,"LEN","Chr03N","phytozomev13","gene",30263913,30264830,"Pavir.3NG112400","","","","","LOC_Os01g48430","expressed protein",NA
"Chr03N","3N@62.06",24521536,30303640,"LEN","Chr03N","phytozomev13","gene",30266104,30271834,"Pavir.3NG112500","GO:0006355,GO:0003700,GO:0007275","AT2G41710","","Integrase-type DNA-binding superfamily protein","LOC_Os05g32270","AP2 domain containing protein, expressed","SMOS1|SHB "
"Chr03N","3N@62.06",24521536,30303640,"LEN","Chr03N","phytozomev13","gene",30277216,30277527,"Pavir.3NG112501","","","","","","",NA
"Chr03N","3N@62.06",24521536,30303640,"LEN","Chr03N","phytozomev13","gene",30279329,30286592,"Pavir.3NG112600","","AT5G12470","","Protein of unknown function (DUF3411)","LOC_Os05g32230","expressed protein",NA
"Chr03N","3N@62.06",24521536,30303640,"LEN","Chr03N","phytozomev13","gene",30292107,30295365,"Pavir.3NG112800","","","","","LOC_Os03g63870","expressed protein",NA
"Chr03N","3N@62.06",24521536,30303640,"LEN","Chr03N","phytozomev13","gene",30296563,30301447,"Pavir.3NG121700","","AT3G63490","","Ribosomal protein L1p/L10e family","LOC_Os05g32220","L1P family of ribosomal proteins domain containing protein, expressed",NA
"Chr03N","3N@62.06",24521536,30303640,"LEN","Chr03N","phytozomev13","gene",24808194,24810101,"Pavir.3NG140700","","AT5G05710","","Pleckstrin homology (PH) domain superfamily protein","LOC_Os01g63800","pleckstrin homology domain-containing protein, putative, expressed",NA
"Chr03N","3N@62.06",24521536,30303640,"LEN","Chr03N","phytozomev13","gene",24864831,24867626,"Pavir.3NG140701","GO:2001070,GO:0003824","AT5G01260","","Carbohydrate-binding-like fold","LOC_Os05g37450","starch binding domain containing protein, putative, expressed",NA
"Chr03N","3N@62.06",24521536,30303640,"LEN","Chr03N","phytozomev13","gene",24874052,24880660,"Pavir.3NG140702","GO:0016598,GO:0004057","AT3G11240","ATATE2,ATE2","arginine-tRNA protein transferase 2","LOC_Os05g37434","arginyl-tRNA--protein transferase 1, putative, expressed",NA
"Chr03N","3N@62.06",24521536,30303640,"LEN","Chr03N","phytozomev13","gene",24881943,24882365,"Pavir.3NG140703","","","","","","",NA
"Chr03N","3N@62.06",24521536,30303640,"LEN","Chr03N","phytozomev13","gene",24892360,24893502,"Pavir.3NG140704","","","","","","",NA
"Chr03N","3N@62.06",24521536,30303640,"LEN","Chr03N","phytozomev13","gene",24993918,25010653,"Pavir.3NG140705","","AT5G04560","DME","HhH-GPD base excision DNA repair family protein","LOC_Os05g37350","hhH-GPD superfamily base excision DNA repair protein, expressed","DNG701 "
"Chr03N","3N@62.06",24521536,30303640,"LEN","Chr03N","phytozomev13","gene",25012523,25015565,"Pavir.3NG140706","","AT3G52240","","","LOC_Os05g37340","expressed protein",NA
"Chr03N","3N@62.06",24521536,30303640,"LEN","Chr03N","phytozomev13","gene",25015932,25017636,"Pavir.3NG140707","","AT3G44590","","60S acidic ribosomal protein family","LOC_Os05g37330","60S acidic ribosomal protein, putative, expressed",NA
"Chr03N","3N@62.06",24521536,30303640,"LEN","Chr03N","phytozomev13","gene",25024556,25046959,"Pavir.3NG140708","GO:0016021,GO:0015116,GO:0008272,GO:0055085,GO:0016020,GO:0008271","AT5G13550","SULTR4;1","sulfate transporter 4.1","LOC_Os09g06499","sulfate transporter 4.1, chloroplast precursor, putative, expressed",NA
"Chr03N","3N@62.06",24521536,30303640,"LEN","Chr03N","phytozomev13","gene",25077761,25079044,"Pavir.3NG140709","","","","","LOC_Os03g21480","HAD superfamily phosphatase, putative, expressed",NA
"Chr03N","3N@62.06",24521536,30303640,"LEN","Chr03N","phytozomev13","gene",25093075,25095056,"Pavir.3NG140710","","","","","LOC_Os02g43906","ceramide kinase-related, putative, expressed","OsCERK "
"Chr03N","3N@62.06",24521536,30303640,"LEN","Chr03N","phytozomev13","gene",25095509,25097139,"Pavir.3NG140711","","","","","LOC_Os01g73860","expressed protein",NA
"Chr03N","3N@62.06",24521536,30303640,"LEN","Chr03N","phytozomev13","gene",25097926,25099895,"Pavir.3NG140712","","","","","","",NA
"Chr03N","3N@62.06",24521536,30303640,"LEN","Chr03N","phytozomev13","gene",25162723,25164973,"Pavir.3NG140713","GO:0055114,GO:0020037,GO:0016705,GO:0005506","AT2G27690","CYP94C1","cytochrome P450, family 94, subfamily C, polypeptide 1","LOC_Os05g37250","cytochrome P450, putative, expressed",NA
"Chr03N","3N@62.06",24521536,30303640,"LEN","Chr03N","phytozomev13","gene",25186970,25190850,"Pavir.3NG140714","","AT2G27610","","Tetratricopeptide repeat (TPR)-like superfamily protein","LOC_Os05g38190","pentatricopeptide, putative, expressed",NA
"Chr03N","3N@62.06",24521536,30303640,"LEN","Chr03N","phytozomev13","gene",25190098,25200227,"Pavir.3NG140715","","AT4G35360","","Uncharacterised conserved protein (UCP030210)","LOC_Os06g21980","pantothenate kinase 4, putative, expressed",NA
"Chr03N","3N@62.06",24521536,30303640,"LEN","Chr03N","phytozomev13","gene",25191012,25191763,"Pavir.3NG140716","","","","","","",NA
"Chr03N","3N@62.06",24521536,30303640,"LEN","Chr03N","phytozomev13","gene",25200661,25204934,"Pavir.3NG140717","","AT5G18980","","ARM repeat superfamily protein","LOC_Os03g24730","expressed protein",NA
"Chr03N","3N@62.06",24521536,30303640,"LEN","Chr03N","phytozomev13","gene",25204993,25207816,"Pavir.3NG140718","GO:0016021,GO:0006810","AT3G59340","","Eukaryotic protein of unknown function (DUF914)","LOC_Os05g37200","solute carrier family 35 member F2, putative, expressed",NA
"Chr03N","3N@62.06",24521536,30303640,"LEN","Chr03N","phytozomev13","gene",25223821,25228217,"Pavir.3NG140719","GO:0055085","AT3G59310","","Eukaryotic protein of unknown function (DUF914)","LOC_Os05g37200","solute carrier family 35 member F2, putative, expressed",NA
"Chr03N","3N@62.06",24521536,30303640,"LEN","Chr03N","phytozomev13","gene",25231629,25231930,"Pavir.3NG140721","","","","","","",NA
"Chr03N","3N@62.06",24521536,30303640,"LEN","Chr03N","phytozomev13","gene",25241652,25243387,"Pavir.3NG140722","","","","","","",NA
"Chr03N","3N@62.06",24521536,30303640,"LEN","Chr03N","phytozomev13","gene",25253546,25256731,"Pavir.3NG140723","","AT1G51220","WIP5","WIP domain protein 5","LOC_Os05g37190","ZOS5-08 - C2H2 zinc finger protein, expressed",NA
"Chr03N","3N@62.06",24521536,30303640,"LEN","Chr03N","phytozomev13","gene",25311180,25313950,"Pavir.3NG140724","GO:0016491,GO:0008152","AT3G51680","","NAD(P)-binding Rossmann-fold superfamily protein","LOC_Os03g18740","oxidoreductase, short chain dehydrogenase/reductase family, putative, expressed",NA
"Chr03N","3N@62.06",24521536,30303640,"LEN","Chr03N","phytozomev13","gene",25356217,25357515,"Pavir.3NG140725","","","","","","",NA
"Chr03N","3N@62.06",24521536,30303640,"LEN","Chr03N","phytozomev13","gene",25360553,25361054,"Pavir.3NG140726","","","","","","",NA
"Chr03N","3N@62.06",24521536,30303640,"LEN","Chr03N","phytozomev13","gene",25382303,25386327,"Pavir.3NG140727","GO:0003924","AT3G52750","FTSZ2-2","Tubulin/FtsZ family protein","LOC_Os05g37160","tubulin/FtsZ domain containing protein, putative, expressed",NA
"Chr03N","3N@62.06",24521536,30303640,"LEN","Chr03N","phytozomev13","gene",25389002,25392715,"Pavir.3NG140728","GO:0048193,GO:0016020","AT1G27700","","Syntaxin/t-SNARE family protein","LOC_Os05g37150","syntaxin 6, N-terminal domain containing protein, expressed",NA
"Chr03N","3N@62.06",24521536,30303640,"LEN","Chr03N","phytozomev13","gene",25393522,25395071,"Pavir.3NG140729","GO:0051536,GO:0009055","AT2G27510","ATFD3,FD3","ferredoxin 3","LOC_Os05g37140","2Fe-2S iron-sulfur cluster binding domain containing protein, expressed","Fd "
"Chr03N","3N@62.06",24521536,30303640,"LEN","Chr03N","phytozomev13","gene",25398413,25402431,"Pavir.3NG140730","GO:0005975,GO:0004553","AT2G27500","","Glycosyl hydrolase superfamily protein","LOC_Os01g64170","glycosyl hydrolases family 17, putative, expressed",NA
"Chr03N","3N@62.06",24521536,30303640,"LEN","Chr03N","phytozomev13","gene",25407100,25414846,"Pavir.3NG140731","GO:0030127,GO:0006888,GO:0006886","AT2G27460","","sec23/sec24 transport family protein","LOC_Os05g37120","sec23/Sec24 zinc finger family protein, expressed",NA
"Chr03N","3N@62.06",24521536,30303640,"LEN","Chr03N","phytozomev13","gene",25410860,25411101,"Pavir.3NG140732","","","","","","",NA
"Chr03N","3N@62.06",24521536,30303640,"LEN","Chr03N","phytozomev13","gene",25411452,25412099,"Pavir.3NG140733","","","","","","",NA
"Chr03N","3N@62.06",24521536,30303640,"LEN","Chr03N","phytozomev13","gene",25464059,25465807,"Pavir.3NG140734","GO:0006355,GO:0003677","AT5G22380","anac090,NAC090","NAC domain containing protein 90","LOC_Os05g37080","No apical meristem protein, putative, expressed",NA
"Chr03N","3N@62.06",24521536,30303640,"LEN","Chr03N","phytozomev13","gene",25543220,25544462,"Pavir.3NG140735","","AT2G38090","","Duplicated homeodomain-like superfamily protein","LOC_Os05g37060","MYB family transcription factor, putative, expressed","MID1 "
"Chr03N","3N@62.06",24521536,30303640,"LEN","Chr03N","phytozomev13","gene",25570796,25572446,"Pavir.3NG140736","","","","","","",NA
"Chr03N","3N@62.06",24521536,30303640,"LEN","Chr03N","phytozomev13","gene",25575914,25577485,"Pavir.3NG140737","","AT3G11600","","","LOC_Os05g37030","expressed protein",NA
"Chr03N","3N@62.06",24521536,30303640,"LEN","Chr03N","phytozomev13","gene",25608846,25610069,"Pavir.3NG140738","","AT5G04820","ATOFP13,OFP13","ovate family protein 13","LOC_Os05g36990","ATOFP18/OFP18, putative, expressed",NA
"Chr03N","3N@62.06",24521536,30303640,"LEN","Chr03N","phytozomev13","gene",25617199,25618678,"Pavir.3NG140739","","AT3G52525","ATOFP6,OFP6","ovate family protein 6","LOC_Os05g36970","DUF623 domain containing protein, expressed",NA
"Chr03N","3N@62.06",24521536,30303640,"LEN","Chr03N","phytozomev13","gene",25622828,25628681,"Pavir.3NG140740","GO:0006468,GO:0005524,GO:0004672","AT3G44200","ATNEK6,IBO1,NEK6","NIMA (never in mitosis, gene A)-related 6","LOC_Os05g36960","protein kinase, putative, expressed",NA
"Chr03N","3N@62.06",24521536,30303640,"LEN","Chr03N","phytozomev13","gene",25636070,25639581,"Pavir.3NG140741","","AT1G08460","ATHDA8,HDA08,HDA8","histone deacetylase 8","LOC_Os05g36920","histone deacetylase, putative, expressed",NA
"Chr03N","3N@62.06",24521536,30303640,"LEN","Chr03N","phytozomev13","gene",25640333,25643147,"Pavir.3NG140742","","AT5G06370","","NC domain-containing protein-related","LOC_Os05g36910","NC domain-containing protein, putative, expressed",NA
"Chr03N","3N@62.06",24521536,30303640,"LEN","Chr03N","phytozomev13","gene",25649816,25651765,"Pavir.3NG140743","GO:0055114,GO:0016491","AT1G06620","","2-oxoglutarate (2OG) and Fe(II)-dependent oxygenase superfamily protein","LOC_Os03g48430","1-aminocyclopropane-1-carboxylate oxidase homolog 4, putative, expressed",NA
"Chr03N","3N@62.06",24521536,30303640,"LEN","Chr03N","phytozomev13","gene",25655601,25656071,"Pavir.3NG140744","","","","","","",NA
"Chr03N","3N@62.06",24521536,30303640,"LEN","Chr03N","phytozomev13","gene",25660739,25662180,"Pavir.3NG140745","GO:0006355,GO:0003677","AT3G52440","","Dof-type zinc finger DNA-binding family protein","LOC_Os05g36900","dof zinc finger domain containing protein, putative, expressed",NA
"Chr03N","3N@62.06",24521536,30303640,"LEN","Chr03N","phytozomev13","gene",25673892,25675298,"Pavir.3NG140746","","","","","","",NA
"Chr03N","3N@62.06",24521536,30303640,"LEN","Chr03N","phytozomev13","gene",25675304,25676909,"Pavir.3NG140747","","","","","","",NA
"Chr03N","3N@62.06",24521536,30303640,"LEN","Chr03N","phytozomev13","gene",25680608,25682505,"Pavir.3NG140748","GO:0016567,GO:0004842","AT3G18710","ATPUB29,PUB29","plant U-box 29","LOC_Os05g36360","U-box domain containing protein, expressed","OsPUB44 "
"Chr03N","3N@62.06",24521536,30303640,"LEN","Chr03N","phytozomev13","gene",25686113,25689356,"Pavir.3NG140749","","AT2G20540","MEF21","mitochondrial editing factor  21","LOC_Os05g36350","pentatricopeptide, putative, expressed",NA
"Chr03N","3N@62.06",24521536,30303640,"LEN","Chr03N","phytozomev13","gene",25709692,25711257,"Pavir.3NG140750","GO:0008270,GO:0005515","AT3G18773","","RING/U-box superfamily protein","LOC_Os05g36310","zinc finger, C3HC4 type domain containing protein, expressed",NA
"Chr03N","3N@62.06",24521536,30303640,"LEN","Chr03N","phytozomev13","gene",25714683,25717758,"Pavir.3NG140751","","AT5G09810","ACT7","actin 7","LOC_Os05g36290","actin, putative, expressed",NA
"Chr03N","3N@62.06",24521536,30303640,"LEN","Chr03N","phytozomev13","gene",25718233,25719035,"Pavir.3NG140752","GO:0003677,GO:0000786","AT1G09200","","Histone superfamily protein","LOC_Os04g34240","histone H3, putative, expressed",NA
"Chr03N","3N@62.06",24521536,30303640,"LEN","Chr03N","phytozomev13","gene",25764073,25767454,"Pavir.3NG140753","GO:0042578,GO:0042132,GO:0005975","AT1G43670","","Inositol monophosphatase family protein","LOC_Os05g36270","fructose-1,6-bisphosphatase, putative, expressed",NA
"Chr03N","3N@62.06",24521536,30303640,"LEN","Chr03N","phytozomev13","gene",25768289,25770253,"Pavir.3NG140754","GO:0006796,GO:0005737,GO:0004427,GO:0000287","AT2G46860","AtPPa3,PPa3","pyrophosphorylase 3","LOC_Os05g36260","soluble inorganic pyrophosphatase, putative, expressed",NA
"Chr03N","3N@62.06",24521536,30303640,"LEN","Chr03N","phytozomev13","gene",25770563,25777942,"Pavir.3NG140755","GO:0005515,GO:0006468,GO:0004672","AT4G29990","","Leucine-rich repeat transmembrane protein kinase protein","LOC_Os05g44930","receptor-like protein kinase, putative, expressed",NA
"Chr03N","3N@62.06",24521536,30303640,"LEN","Chr03N","phytozomev13","gene",25778017,25778914,"Pavir.3NG140756","","","","","","",NA
"Chr03N","3N@62.06",24521536,30303640,"LEN","Chr03N","phytozomev13","gene",25781007,25784012,"Pavir.3NG140757","","AT1G76860","","Small nuclear ribonucleoprotein family protein","LOC_Os01g64690","LSM domain containing protein, expressed",NA
"Chr03N","3N@62.06",24521536,30303640,"LEN","Chr03N","phytozomev13","gene",25798553,25799951,"Pavir.3NG140758","","","","","","",NA
"Chr03N","3N@62.06",24521536,30303640,"LEN","Chr03N","phytozomev13","gene",25805280,25807666,"Pavir.3NG140759","GO:0005515","AT1G25280","AtTLP10,TLP10","tubby like protein 10","LOC_Os05g36190","OsFBT7 - F-box and tubby domain containing protein, expressed",NA
"Chr03N","3N@62.06",24521536,30303640,"LEN","Chr03N","phytozomev13","gene",25816828,25817582,"Pavir.3NG140760","","","","","","",NA
"Chr03N","3N@62.06",24521536,30303640,"LEN","Chr03N","phytozomev13","gene",25820065,25824416,"Pavir.3NG140761","GO:0043565,GO:0006355,GO:0003700","AT1G03970","GBF4","G-box binding factor 4","LOC_Os05g36160","G-box-binding factor 4, putative, expressed",NA
"Chr03N","3N@62.06",24521536,30303640,"LEN","Chr03N","phytozomev13","gene",25829825,25831085,"Pavir.3NG140762","","AT5G48540","","receptor-like protein kinase-related family protein","LOC_Os03g16960","cysteine-rich repeat secretory protein 55 precursor, putative, expressed",NA
"Chr03N","3N@62.06",24521536,30303640,"LEN","Chr03N","phytozomev13","gene",25832155,25834771,"Pavir.3NG140763","GO:0016020","AT2G18840","","Integral membrane Yip1 family protein","LOC_Os01g64760","Yip1 domain containing protein, expressed",NA
"Chr03N","3N@62.06",24521536,30303640,"LEN","Chr03N","phytozomev13","gene",25836079,25837063,"Pavir.3NG140764","","","","","LOC_Os05g36140","expressed protein",NA
"Chr03N","3N@62.06",24521536,30303640,"LEN","Chr03N","phytozomev13","gene",25856224,25861090,"Pavir.3NG140765","","AT1G43190","PTB3","polypyrimidine tract-binding protein 3","LOC_Os05g36120","polypyrimidine tract-binding protein, putative, expressed",NA
"Chr03N","3N@62.06",24521536,30303640,"LEN","Chr03N","phytozomev13","gene",25861528,25865293,"Pavir.3NG140766","","AT1G43130","LCV2","like COV 2","LOC_Os01g64780","COV1, putative, expressed",NA
"Chr03N","3N@62.06",24521536,30303640,"LEN","Chr03N","phytozomev13","gene",25867011,25868971,"Pavir.3NG140767","GO:0006355,GO:0003700","AT5G61890","","Integrase-type DNA-binding superfamily protein","LOC_Os05g36100","AP2 domain containing protein, expressed",NA
"Chr03N","3N@62.06",24521536,30303640,"LEN","Chr03N","phytozomev13","gene",25882396,25886750,"Pavir.3NG140768","GO:0008270","AT4G24630","","DHHC-type zinc finger family protein","LOC_Os05g36090","zinc finger DHHC domain-containing protein, putative, expressed",NA
"Chr03N","3N@62.06",24521536,30303640,"LEN","Chr03N","phytozomev13","gene",25894024,25894288,"Pavir.3NG140769","","","","","","",NA
"Chr03N","3N@62.06",24521536,30303640,"LEN","Chr03N","phytozomev13","gene",25897588,25902866,"Pavir.3NG140770","","AT3G53440","","Homeodomain-like superfamily protein","LOC_Os01g40000","expressed protein",NA
"Chr03N","3N@62.06",24521536,30303640,"LEN","Chr03N","phytozomev13","gene",25922671,25926103,"Pavir.3NG140771","GO:0006468,GO:0005524,GO:0004672","AT4G01330","","Protein kinase superfamily protein","LOC_Os05g36050","serine/threonine-protein kinase, putative, expressed",NA
"Chr03N","3N@62.06",24521536,30303640,"LEN","Chr03N","phytozomev13","gene",25936121,25939336,"Pavir.3NG140772","GO:0006508,GO:0004252","AT2G05920","","Subtilase family protein","LOC_Os05g36010","OsSub47 - Putative Subtilisin homologue, expressed",NA
"Chr03N","3N@62.06",24521536,30303640,"LEN","Chr03N","phytozomev13","gene",25938454,25941589,"Pavir.3NG140773","","AT2G22230","","Thioesterase superfamily protein","LOC_Os05g36000","FabA-like domain containing protein, expressed",NA
"Chr03N","3N@62.06",24521536,30303640,"LEN","Chr03N","phytozomev13","gene",25950088,25950681,"Pavir.3NG140774","","","","","","",NA
"Chr03N","3N@62.06",24521536,30303640,"LEN","Chr03N","phytozomev13","gene",25954341,25955416,"Pavir.3NG140775","","","","","LOC_Os08g32330","expressed protein",NA
"Chr03N","3N@62.06",24521536,30303640,"LEN","Chr03N","phytozomev13","gene",25961523,25965443,"Pavir.3NG140776","GO:0005515","AT5G15610","","Proteasome component (PCI) domain protein","LOC_Os04g01290","proteasome subunit, putative, expressed",NA
"Chr03N","3N@62.06",24521536,30303640,"LEN","Chr03N","phytozomev13","gene",25966516,25967789,"Pavir.3NG140777","","AT5G17210","","Protein of unknown function (DUF1218)","LOC_Os05g35930","expressed protein",NA
"Chr03N","3N@62.06",24521536,30303640,"LEN","Chr03N","phytozomev13","gene",25979882,25980768,"Pavir.3NG140778","","AT5G17210","","Protein of unknown function (DUF1218)","LOC_Os05g35960","expressed protein",NA
"Chr03N","3N@62.06",24521536,30303640,"LEN","Chr03N","phytozomev13","gene",25982329,25984610,"Pavir.3NG140779","","AT5G17210","","Protein of unknown function (DUF1218)","LOC_Os05g35830","expressed protein",NA
"Chr03N","3N@62.06",24521536,30303640,"LEN","Chr03N","phytozomev13","gene",25993457,25997149,"Pavir.3NG140780","","AT5G17210","","Protein of unknown function (DUF1218)","LOC_Os05g35830","expressed protein",NA
"Chr03N","3N@62.06",24521536,30303640,"LEN","Chr03N","phytozomev13","gene",25999586,26001362,"Pavir.3NG140781","","AT5G17210","","Protein of unknown function (DUF1218)","LOC_Os05g35930","expressed protein",NA
"Chr03N","3N@62.06",24521536,30303640,"LEN","Chr03N","phytozomev13","gene",26010201,26012142,"Pavir.3NG140782","","AT5G17210","","Protein of unknown function (DUF1218)","LOC_Os05g35930","expressed protein",NA
"Chr03N","3N@62.06",24521536,30303640,"LEN","Chr03N","phytozomev13","gene",26020307,26025472,"Pavir.3NG140783","GO:0006468,GO:0005524,GO:0004672","AT1G10940","ASK1,SNRK2-4,SNRK2.4,SRK2A","Protein kinase superfamily protein","LOC_Os01g64970","CAMK_CAMK_like.11 - CAMK includes calcium/calmodulin depedent protein kinases, expressed","SAPK4|OSPDK "
"Chr03N","3N@62.06",24521536,30303640,"LEN","Chr03N","phytozomev13","gene",26026489,26028673,"Pavir.3NG140784","","AT5G49950","","alpha/beta-Hydrolases superfamily protein","LOC_Os05g35730","hydrolase, alpha/beta fold family domain containing protein, expressed",NA
"Chr03N","3N@62.06",24521536,30303640,"LEN","Chr03N","phytozomev13","gene",26028734,26030201,"Pavir.3NG140785","","AT1G34350","","","LOC_Os05g35720","transmembrane protein 18, putative, expressed",NA
"Chr03N","3N@62.06",24521536,30303640,"LEN","Chr03N","phytozomev13","gene",26032885,26036003,"Pavir.3NG140786","","AT4G24330","","Protein of unknown function (DUF1682)","LOC_Os05g35710","coiled-coil domain-containing protein 47 precursor, putative, expressed",NA
"Chr03N","3N@62.06",24521536,30303640,"LEN","Chr03N","phytozomev13","gene",26036816,26038770,"Pavir.3NG140787","GO:0030170,GO:0009058","AT2G22250","AAT,ATAAT,MEE17","aspartate aminotransferase","LOC_Os01g65090","aminotransferase, classes I and II, domain containing protein, expressed",NA
"Chr03N","3N@62.06",24521536,30303640,"LEN","Chr03N","phytozomev13","gene",26038880,26041778,"Pavir.3NG140788","GO:0030170,GO:0009058","AT2G22250","AAT,ATAAT,MEE17","aspartate aminotransferase","LOC_Os01g65090","aminotransferase, classes I and II, domain containing protein, expressed",NA
"Chr03N","3N@62.06",24521536,30303640,"LEN","Chr03N","phytozomev13","gene",26039456,26041668,"Pavir.3NG140789","","","","","","",NA
"Chr03N","3N@62.06",24521536,30303640,"LEN","Chr03N","phytozomev13","gene",26059762,26064806,"Pavir.3NG140790","GO:0030170,GO:0009058","AT2G22250","AAT,ATAAT,MEE17","aspartate aminotransferase","LOC_Os01g65090","aminotransferase, classes I and II, domain containing protein, expressed",NA
"Chr03N","3N@62.06",24521536,30303640,"LEN","Chr03N","phytozomev13","gene",26065493,26066101,"Pavir.3NG140791","","AT1G71865","","","LOC_Os01g65094","expressed protein",NA
"Chr03N","3N@62.06",24521536,30303640,"LEN","Chr03N","phytozomev13","gene",26076923,26077766,"Pavir.3NG140792","","AT4G09600","GASA3","GAST1 protein homolog 3","LOC_Os05g35690","GASR6 - Gibberellin-regulated GASA/GAST/Snakin family protein precursor, expressed",NA
"Chr03N","3N@62.06",24521536,30303640,"LEN","Chr03N","phytozomev13","gene",26082868,26097713,"Pavir.3NG140793","GO:0055085,GO:0016021,GO:0016020,GO:0006810,GO:0005215","AT1G22540","","Major facilitator superfamily protein","LOC_Os05g35650","peptide transporter PTR2, putative, expressed",NA
"Chr03N","3N@62.06",24521536,30303640,"LEN","Chr03N","phytozomev13","gene",26091508,26092520,"Pavir.3NG140794","GO:0016020,GO:0006810,GO:0005215","AT1G22570","","Major facilitator superfamily protein","LOC_Os01g65100","peptide transporter, putative, expressed",NA
"Chr03N","3N@62.06",24521536,30303640,"LEN","Chr03N","phytozomev13","gene",26102558,26109061,"Pavir.3NG140795","GO:0016020,GO:0006810,GO:0005215","AT1G22540","","Major facilitator superfamily protein","LOC_Os05g35594","peptide transporter, putative, expressed",NA
"Chr03N","3N@62.06",24521536,30303640,"LEN","Chr03N","phytozomev13","gene",26109315,26110904,"Pavir.3NG140796","GO:0009116","AT2G16570","ASE1,ATASE,ATASE1","GLN phosphoribosyl pyrophosphate amidotransferase 1","LOC_Os05g35580","amidophosphoribosyltransferase, chloroplast precursor, putative, expressed",NA
"Chr03N","3N@62.06",24521536,30303640,"LEN","Chr03N","phytozomev13","gene",26146089,26149738,"Pavir.3NG140797","GO:0016021,GO:0015693,GO:0015095","AT2G21120","","Protein of unknown function (DUF803)","LOC_Os05g35570","DUF803 domain containing, putative, expressed",NA
"Chr03N","3N@62.06",24521536,30303640,"LEN","Chr03N","phytozomev13","gene",26150079,26153351,"Pavir.3NG140798","GO:0005525","AT4G02790","","GTP-binding family protein","LOC_Os05g35540","GTPase of unknown function domain containing protein, putative, expressed",NA
"Chr03N","3N@62.06",24521536,30303640,"LEN","Chr03N","phytozomev13","gene",26152988,26159687,"Pavir.3NG140799","","AT1G34320","","Protein of unknown function (DUF668)","LOC_Os05g35530","expressed protein",NA
"Chr03N","3N@62.06",24521536,30303640,"LEN","Chr03N","phytozomev13","gene",24800804,24807046,"Pavir.3NG140800","","AT5G01240","LAX1","like AUXIN RESISTANT 1","LOC_Os05g37470","transmembrane amino acid transporter protein, putative, expressed",NA
"Chr03N","3N@62.06",24521536,30303640,"LEN","Chr03N","phytozomev13","gene",24807411,24807755,"Pavir.3NG140801","","","","","","",NA
"Chr03N","3N@62.06",24521536,30303640,"LEN","Chr03N","phytozomev13","gene",26162408,26166658,"Pavir.3NG140802","","AT1G72040","","P-loop containing nucleoside triphosphate hydrolases superfamily protein","LOC_Os05g35520","deoxynucleoside kinase family, putative, expressed",NA
"Chr03N","3N@62.06",24521536,30303640,"LEN","Chr03N","phytozomev13","gene",26175071,26175979,"Pavir.3NG140803","","","","","","",NA
"Chr03N","3N@62.06",24521536,30303640,"LEN","Chr03N","phytozomev13","gene",26180934,26181989,"Pavir.3NG140804","","AT4G38620","ATMYB4,MYB4","myb domain protein 4","LOC_Os05g35500","MYB family transcription factor, putative, expressed","Osmyb1 "
"Chr03N","3N@62.06",24521536,30303640,"LEN","Chr03N","phytozomev13","gene",26212381,26215591,"Pavir.3NG140805","GO:0005515","AT1G22610","","C2 calcium/lipid-binding plant phosphoribosyltransferase family protein","LOC_Os05g35480","anthranilate phosphoribosyltransferase, putative, expressed",NA
"Chr03N","3N@62.06",24521536,30303640,"LEN","Chr03N","phytozomev13","gene",26237150,26238732,"Pavir.3NG140806","GO:0016787","AT1G35420","","alpha/beta-Hydrolases superfamily protein","LOC_Os05g35470","dienelactone hydrolase family protein, expressed",NA
"Chr03N","3N@62.06",24521536,30303640,"LEN","Chr03N","phytozomev13","gene",26247909,26253276,"Pavir.3NG140807","","AT3G15000","","cobalt ion binding","LOC_Os09g33480","DAG protein, chloroplast precursor, putative, expressed",NA
"Chr03N","3N@62.06",24521536,30303640,"LEN","Chr03N","phytozomev13","gene",26278518,26281957,"Pavir.3NG140808","","AT4G09160","","SEC14 cytosolic factor family protein / phosphoglyceride transfer family protein","LOC_Os01g65380","patellin protein, putative, expressed",NA
"Chr03N","3N@62.06",24521536,30303640,"LEN","Chr03N","phytozomev13","gene",26286178,26287421,"Pavir.3NG140809","","","","","","",NA
"Chr03N","3N@62.06",24521536,30303640,"LEN","Chr03N","phytozomev13","gene",26326101,26332367,"Pavir.3NG140810","","AT4G22200","AKT2,AKT2/3,AKT3,KT2/3","potassium transport 2/3","LOC_Os05g35410","potassium channel AKT2/3, putative, expressed","OsAKT2 "
"Chr03N","3N@62.06",24521536,30303640,"LEN","Chr03N","phytozomev13","gene",26334542,26337465,"Pavir.3NG140811","GO:0006950","AT1G44760","","Adenine nucleotide alpha hydrolases-like superfamily protein","LOC_Os05g35380","universal stress protein domain containing protein, putative, expressed",NA
"Chr03N","3N@62.06",24521536,30303640,"LEN","Chr03N","phytozomev13","gene",26382932,26386467,"Pavir.3NG140812","GO:0009341,GO:0005975,GO:0004565,GO:0004553","AT5G63800","BGAL6,MUM2","Glycosyl hydrolase family 35 protein","LOC_Os05g35360","beta-galactosidase 7 precursor, putative, expressed",NA
"Chr03N","3N@62.06",24521536,30303640,"LEN","Chr03N","phytozomev13","gene",26386560,26389065,"Pavir.3NG140813","GO:0030246,GO:0005975,GO:0004553","AT1G77410","BGAL16","beta-galactosidase 16","LOC_Os05g35360","beta-galactosidase 7 precursor, putative, expressed",NA
"Chr03N","3N@62.06",24521536,30303640,"LEN","Chr03N","phytozomev13","gene",26388840,26390047,"Pavir.3NG140814","","AT4G10100","CNX7,SIR5","co-factor for nitrate, reductase and xanthine dehydrogenase 7","LOC_Os02g35200","VP15, putative, expressed",NA
"Chr03N","3N@62.06",24521536,30303640,"LEN","Chr03N","phytozomev13","gene",26395367,26396678,"Pavir.3NG140815","","","","","","",NA
"Chr03N","3N@62.06",24521536,30303640,"LEN","Chr03N","phytozomev13","gene",26399816,26402470,"Pavir.3NG140816","","AT3G08910","","DNAJ heat shock family protein","LOC_Os01g65480","dnaJ domain containing protein, expressed",NA
"Chr03N","3N@62.06",24521536,30303640,"LEN","Chr03N","phytozomev13","gene",26406064,26412437,"Pavir.3NG140817","","AT4G03500","","Ankyrin repeat family protein","LOC_Os06g13120","expressed protein",NA
"Chr03N","3N@62.06",24521536,30303640,"LEN","Chr03N","phytozomev13","gene",26431914,26433866,"Pavir.3NG140818","GO:0003676","AT4G10110","","RNA-binding (RRM/RBD/RNP motifs) family protein","LOC_Os05g35274","RNA recognition motif containing protein, putative, expressed",NA
"Chr03N","3N@62.06",24521536,30303640,"LEN","Chr03N","phytozomev13","gene",26435577,26438371,"Pavir.3NG140819","GO:0016020,GO:0008378,GO:0006486","AT1G33430","","Galactosyltransferase family protein","LOC_Os05g35266","galactosyltransferase, putative, expressed",NA
"Chr03N","3N@62.06",24521536,30303640,"LEN","Chr03N","phytozomev13","gene",26441105,26444139,"Pavir.3NG140820","GO:0005515","AT5G49920","","Octicosapeptide/Phox/Bem1p family protein","LOC_Os05g35260","PB1 domain containing protein, expressed",NA
"Chr03N","3N@62.06",24521536,30303640,"LEN","Chr03N","phytozomev13","gene",26447476,26462361,"Pavir.3NG140821","","","","","LOC_Os05g35240","expressed protein",NA
"Chr03N","3N@62.06",24521536,30303640,"LEN","Chr03N","phytozomev13","gene",26464198,26466998,"Pavir.3NG140822","GO:0003924,GO:0007017,GO:0005874","AT1G50010","TUA2","tubulin alpha-2 chain","LOC_Os11g14220","tubulin/FtsZ domain containing protein, putative, expressed","TID1|SRS5 "
"Chr03N","3N@62.06",24521536,30303640,"LEN","Chr03N","phytozomev13","gene",26467434,26469037,"Pavir.3NG140823","GO:0055114,GO:0020037,GO:0006979,GO:0004601","AT5G06730","","Peroxidase superfamily protein","LOC_Os03g13180","peroxidase precursor, putative, expressed",NA
"Chr03N","3N@62.06",24521536,30303640,"LEN","Chr03N","phytozomev13","gene",26471167,26472958,"Pavir.3NG140824","GO:0055114,GO:0020037,GO:0006979,GO:0004601","AT5G06730","","Peroxidase superfamily protein","LOC_Os03g13180","peroxidase precursor, putative, expressed",NA
"Chr03N","3N@62.06",24521536,30303640,"LEN","Chr03N","phytozomev13","gene",26482174,26483917,"Pavir.3NG140825","GO:0055114,GO:0020037,GO:0006979,GO:0004601","AT5G06730","","Peroxidase superfamily protein","LOC_Os03g13180","peroxidase precursor, putative, expressed",NA
"Chr03N","3N@62.06",24521536,30303640,"LEN","Chr03N","phytozomev13","gene",26490155,26492522,"Pavir.3NG140826","","AT1G58007","","","LOC_Os05g35230","expressed protein",NA
"Chr03N","3N@62.06",24521536,30303640,"LEN","Chr03N","phytozomev13","gene",26497492,26499643,"Pavir.3NG140827","GO:0006412,GO:0005840,GO:0005622,GO:0003735","AT2G32060","","Ribosomal protein L7Ae/L30e/S12e/Gadd45 family protein","LOC_Os07g05580","ribosomal protein L7Ae, putative, expressed",NA
"Chr03N","3N@62.06",24521536,30303640,"LEN","Chr03N","phytozomev13","gene",26525922,26531840,"Pavir.3NG140828","GO:0016757","AT1G77130","GUX3,PGSIP2","plant glycogenin-like starch initiation protein 2","LOC_Os01g65780","glycosyl transferase, putative, expressed",NA
"Chr03N","3N@62.06",24521536,30303640,"LEN","Chr03N","phytozomev13","gene",26532436,26537118,"Pavir.3NG140829","","AT1G48880","TBL7","TRICHOME BIREFRINGENCE-LIKE 7","LOC_Os05g35190","powdery mildew resistant protein 5, putative, expressed",NA
"Chr03N","3N@62.06",24521536,30303640,"LEN","Chr03N","phytozomev13","gene",26537232,26542100,"Pavir.3NG140830","GO:0016787,GO:0005524,GO:0003677","AT2G40700","","P-loop containing nucleoside triphosphate hydrolases superfamily protein","LOC_Os05g01990","DEAD-box ATP-dependent RNA helicase, putative, expressed","OsRH17 "
"Chr03N","3N@62.06",24521536,30303640,"LEN","Chr03N","phytozomev13","gene",26552003,26556258,"Pavir.3NG140831","GO:0006355,GO:0003677","AT5G04410","anac078,NAC2","NAC domain containing protein 2","LOC_Os05g35170","no apical meristem protein, putative, expressed","IDEF2 "
"Chr03N","3N@62.06",24521536,30303640,"LEN","Chr03N","phytozomev13","gene",26556541,26558633,"Pavir.3NG140832","GO:0005543","AT1G03050","","ENTH/ANTH/VHS superfamily protein","LOC_Os05g35160","clathrin assembly protein, putative, expressed",NA
"Chr03N","3N@62.06",24521536,30303640,"LEN","Chr03N","phytozomev13","gene",26560817,26561689,"Pavir.3NG140833","","","","","","",NA
"Chr03N","3N@62.06",24521536,30303640,"LEN","Chr03N","phytozomev13","gene",26593979,26597624,"Pavir.3NG140834","","AT1G21460","","Nodulin MtN3 family protein","LOC_Os05g35140","nodulin MtN3 family protein, putative, expressed",NA
"Chr03N","3N@62.06",24521536,30303640,"LEN","Chr03N","phytozomev13","gene",26604632,26605771,"Pavir.3NG140835","GO:0006281,GO:0003678,GO:0000723","AT5G28780","","PIF1 helicase","LOC_Os01g07990","retrotransposon protein, putative, unclassified, expressed",NA
"Chr03N","3N@62.06",24521536,30303640,"LEN","Chr03N","phytozomev13","gene",26608035,26611751,"Pavir.3NG140836","","AT1G21450","SCL1","SCARECROW-like 1","LOC_Os01g65900","chitin-inducible gibberellin-responsive protein, putative, expressed","OsPH1 "
"Chr03N","3N@62.06",24521536,30303640,"LEN","Chr03N","phytozomev13","gene",26614385,26617822,"Pavir.3NG140837","GO:0005515","AT1G21410","SKP2A","F-box/RNI-like superfamily protein","LOC_Os05g35110","OsFBL22 - F-box domain and LRR containing protein, expressed",NA
"Chr03N","3N@62.06",24521536,30303640,"LEN","Chr03N","phytozomev13","gene",26626659,26627045,"Pavir.3NG140838","","AT1G73965","CLE13","CLAVATA3/ESR-RELATED 13","LOC_Os02g21890","expressed protein","FOS1 "
"Chr03N","3N@62.06",24521536,30303640,"LEN","Chr03N","phytozomev13","gene",26650478,26654986,"Pavir.3NG140839","","AT1G21740","","Protein of unknown function (DUF630 and DUF632)","LOC_Os05g35070","DUF630/DUF632 domains containing protein, putative, expressed",NA
"Chr03N","3N@62.06",24521536,30303640,"LEN","Chr03N","phytozomev13","gene",26660189,26664230,"Pavir.3NG140840","GO:0016021,GO:0015693,GO:0015095","AT1G71900","","Protein of unknown function (DUF803)","LOC_Os05g35060","DUF803 domain containing, putative, expressed",NA
"Chr03N","3N@62.06",24521536,30303640,"LEN","Chr03N","phytozomev13","gene",26665561,26668185,"Pavir.3NG140841","","","","","","",NA
"Chr03N","3N@62.06",24521536,30303640,"LEN","Chr03N","phytozomev13","gene",26668595,26668888,"Pavir.3NG140842","","","","","","",NA
"Chr03N","3N@62.06",24521536,30303640,"LEN","Chr03N","phytozomev13","gene",26681917,26683766,"Pavir.3NG140843","GO:0055114,GO:0020037,GO:0016705,GO:0005506","AT3G48280","CYP71A25","cytochrome P450, family 71, subfamily A, polypeptide 25","LOC_Os05g35010","cytochrome P450, putative, expressed",NA
"Chr03N","3N@62.06",24521536,30303640,"LEN","Chr03N","phytozomev13","gene",26691816,26694964,"Pavir.3NG140844","","AT5G09220","AAP2","amino acid permease 2","LOC_Os05g34980","amino acid transporter, putative, expressed",NA
"Chr03N","3N@62.06",24521536,30303640,"LEN","Chr03N","phytozomev13","gene",26745398,26748326,"Pavir.3NG140845","GO:0006468,GO:0004672","AT1G11050","","Protein kinase superfamily protein","LOC_Os05g34950","cysteine-rich receptor-like protein kinase 6 precursor, putative, expressed",NA
"Chr03N","3N@62.06",24521536,30303640,"LEN","Chr03N","phytozomev13","gene",26747689,26749915,"Pavir.3NG140846","GO:0006355,GO:0005634,GO:0003700,GO:0046983,GO:0003677","AT5G20240","PI","K-box region and MADS-box transcription factor family protein ","LOC_Os05g34940","OsMADS4 - MADS-box family gene with MIKCc type-box, expressed","OsMADS4 "
"Chr03N","3N@62.06",24521536,30303640,"LEN","Chr03N","phytozomev13","gene",26803905,26808696,"Pavir.3NG140847","GO:0055114,GO:0016491","AT5G51810","AT2353,ATGA20OX2,GA20OX2","gibberellin 20 oxidase 2","LOC_Os05g34854","gibberellin 20 oxidase 2, putative, expressed","GA20OX4 "
"Chr03N","3N@62.06",24521536,30303640,"LEN","Chr03N","phytozomev13","gene",26811152,26813199,"Pavir.3NG140848","GO:0006355,GO:0003677","AT1G01720","ANAC002,ATAF1","NAC (No Apical Meristem) domain transcriptional regulator superfamily protein","LOC_Os05g34830","No apical meristem protein, putative, expressed",NA
"Chr03N","3N@62.06",24521536,30303640,"LEN","Chr03N","phytozomev13","gene",26823656,26824916,"Pavir.3NG140849","","AT4G02360","","Protein of unknown function, DUF538","LOC_Os05g34810","DUF538 domain containing protein, putative, expressed",NA
"Chr03N","3N@62.06",24521536,30303640,"LEN","Chr03N","phytozomev13","gene",26824923,26835067,"Pavir.3NG140850","GO:0005515,GO:0003677","AT5G63700","","zinc ion binding;DNA binding","LOC_Os01g66140","plus-3 domain containing protein, putative, expressed",NA
"Chr03N","3N@62.06",24521536,30303640,"LEN","Chr03N","phytozomev13","gene",26857085,26859122,"Pavir.3NG140851","GO:0020037,GO:0009055","AT1G22840","ATCYTC-A,CYTC-1","CYTOCHROME C-1","LOC_Os05g34770","cytochrome c, putative, expressed","OsCc1 "
"Chr03N","3N@62.06",24521536,30303640,"LEN","Chr03N","phytozomev13","gene",26860866,26865572,"Pavir.3NG140852","","AT1G24160","","","LOC_Os05g34760","expressed protein",NA
"Chr03N","3N@62.06",24521536,30303640,"LEN","Chr03N","phytozomev13","gene",26868420,26868761,"Pavir.3NG140853","","","","","","",NA
"Chr03N","3N@62.06",24521536,30303640,"LEN","Chr03N","phytozomev13","gene",26902483,26903124,"Pavir.3NG140854","GO:0006355,GO:0003700","AT1G71520","","Integrase-type DNA-binding superfamily protein","LOC_Os01g66270","AP2 domain containing protein, expressed",NA
"Chr03N","3N@62.06",24521536,30303640,"LEN","Chr03N","phytozomev13","gene",26905504,26906174,"Pavir.3NG140855","GO:0008270","","","","LOC_Os12g08530","expressed protein",NA
"Chr03N","3N@62.06",24521536,30303640,"LEN","Chr03N","phytozomev13","gene",26921904,26924372,"Pavir.3NG140856","","AT1G33780","","Protein of unknown function (DUF179)","LOC_Os05g34720","transcriptional regulator, putative, expressed",NA
"Chr03N","3N@62.06",24521536,30303640,"LEN","Chr03N","phytozomev13","gene",26930724,26934163,"Pavir.3NG140857","GO:0016788","AT1G71691","","GDSL-like Lipase/Acylhydrolase superfamily protein","LOC_Os05g34700","GDSL-like lipase/acylhydrolase, putative, expressed",NA
"Chr03N","3N@62.06",24521536,30303640,"LEN","Chr03N","phytozomev13","gene",26938826,26950446,"Pavir.3NG140858","GO:0051276,GO:0005694,GO:0005524,GO:0005515","AT5G48600","ATCAP-C,ATSMC3,ATSMC4,SMC3","structural maintenance of chromosome 3","LOC_Os05g41750","RecF/RecN/SMC N terminal domain containing protein, expressed",NA
"Chr03N","3N@62.06",24521536,30303640,"LEN","Chr03N","phytozomev13","gene",26946547,26947014,"Pavir.3NG140859","","","","","","",NA
"Chr03N","3N@62.06",24521536,30303640,"LEN","Chr03N","phytozomev13","gene",26961685,26964918,"Pavir.3NG140860","","AT1G57765","","","LOC_Os05g34680","expressed protein",NA
"Chr03N","3N@62.06",24521536,30303640,"LEN","Chr03N","phytozomev13","gene",26965656,26966142,"Pavir.3NG140861","","","","","","",NA
"Chr03N","3N@62.06",24521536,30303640,"LEN","Chr03N","phytozomev13","gene",26974669,26986807,"Pavir.3NG140862","","AT1G09660","","RNA-binding KH domain-containing protein","LOC_Os01g66300","KH domain containing protein, putative, expressed",NA
"Chr03N","3N@62.06",24521536,30303640,"LEN","Chr03N","phytozomev13","gene",26996083,26996879,"Pavir.3NG140863","","","","","","",NA
"Chr03N","3N@62.06",24521536,30303640,"LEN","Chr03N","phytozomev13","gene",26997024,26997386,"Pavir.3NG140864","","AT4G29090","","Ribonuclease H-like superfamily protein","LOC_Os06g46610","retrotransposon protein, putative, unclassified, expressed",NA
"Chr03N","3N@62.06",24521536,30303640,"LEN","Chr03N","phytozomev13","gene",27006617,27011282,"Pavir.3NG140865","","AT5G49820","EMB1879,RUS6","Protein of unknown function, DUF647","LOC_Os05g34650","DUF647 domain containing protein, putative, expressed",NA
"Chr03N","3N@62.06",24521536,30303640,"LEN","Chr03N","phytozomev13","gene",27012210,27017260,"Pavir.3NG140866","GO:0005515,GO:0042393,GO:0006355","AT2G02470","AL6","alfin-like 6","LOC_Os05g34640","PHD finger protein, putative, expressed",NA
"Chr03N","3N@62.06",24521536,30303640,"LEN","Chr03N","phytozomev13","gene",27018278,27020565,"Pavir.3NG140867","","AT5G38520","","alpha/beta-Hydrolases superfamily protein","LOC_Os05g34630","hydrolase, alpha/beta fold family domain containing protein, expressed",NA
"Chr03N","3N@62.06",24521536,30303640,"LEN","Chr03N","phytozomev13","gene",27024226,27024474,"Pavir.3NG140868","GO:0022900,GO:0016021","ATMG00160","","cytochrome oxidase 2","","",NA
"Chr03N","3N@62.06",24521536,30303640,"LEN","Chr03N","phytozomev13","gene",27033383,27036096,"Pavir.3NG140869","GO:0006355,GO:0003677","AT2G02450","anac034,ANAC035,LOV1,NAC035","NAC domain containing protein 35","LOC_Os05g34600","no apical meristem protein, putative, expressed",NA
"Chr03N","3N@62.06",24521536,30303640,"LEN","Chr03N","phytozomev13","gene",27054602,27058521,"Pavir.3NG140870","","AT4G14050","","Pentatricopeptide repeat (PPR) superfamily protein","LOC_Os11g43934","pentatricopeptide, putative, expressed",NA
"Chr03N","3N@62.06",24521536,30303640,"LEN","Chr03N","phytozomev13","gene",27062343,27068454,"Pavir.3NG140871","GO:0016021,GO:0006952","AT4G02600","ATMLO1,MLO1","Seven transmembrane MLO family protein","LOC_Os01g66510","MLO domain containing protein, putative, expressed",NA
"Chr03N","3N@62.06",24521536,30303640,"LEN","Chr03N","phytozomev13","gene",27086288,27090624,"Pavir.3NG140872","GO:0016021,GO:0006952","AT4G02600","ATMLO1,MLO1","Seven transmembrane MLO family protein","LOC_Os01g66510","MLO domain containing protein, putative, expressed",NA
"Chr03N","3N@62.06",24521536,30303640,"LEN","Chr03N","phytozomev13","gene",27091922,27097908,"Pavir.3NG140873","","AT3G59920","ATGDI2,GDI2","RAB GDP dissociation inhibitor 2","LOC_Os05g23860","rab GDP dissociation inhibitor alpha, putative, expressed","OsGDI2 "
"Chr03N","3N@62.06",24521536,30303640,"LEN","Chr03N","phytozomev13","gene",27101385,27109128,"Pavir.3NG140874","","AT2G44100","AT-GDI1,ATGDI1,GDI1","guanosine nucleotide diphosphate dissociation inhibitor 1","LOC_Os05g23860","rab GDP dissociation inhibitor alpha, putative, expressed","OsGDI2 "
"Chr03N","3N@62.06",24521536,30303640,"LEN","Chr03N","phytozomev13","gene",27121197,27121706,"Pavir.3NG140875","","","","","","",NA
"Chr03N","3N@62.06",24521536,30303640,"LEN","Chr03N","phytozomev13","gene",27145572,27146199,"Pavir.3NG140876","","","","","LOC_Os05g34500","expressed protein",NA
"Chr03N","3N@62.06",24521536,30303640,"LEN","Chr03N","phytozomev13","gene",27150888,27155270,"Pavir.3NG140877","","AT4G12760","","","LOC_Os05g34480","expressed protein",NA
"Chr03N","3N@62.06",24521536,30303640,"LEN","Chr03N","phytozomev13","gene",27153571,27153897,"Pavir.3NG140878","","","","","","",NA
"Chr03N","3N@62.06",24521536,30303640,"LEN","Chr03N","phytozomev13","gene",27156782,27160127,"Pavir.3NG140879","","AT5G23540","","Mov34/MPN/PAD-1 family protein","LOC_Os05g30800","26S proteasome non-ATPase regulatory subunit 14, putative, expressed",NA
"Chr03N","3N@62.06",24521536,30303640,"LEN","Chr03N","phytozomev13","gene",27164192,27166428,"Pavir.3NG140880","","AT1G19260","","TTF-type zinc finger protein with HAT dimerisation domain","LOC_Os09g14530","hAT dimerisation domain-containing protein, putative",NA
"Chr03N","3N@62.06",24521536,30303640,"LEN","Chr03N","phytozomev13","gene",27171420,27176147,"Pavir.3NG140881","GO:0005515","AT5G36950","DegP10","DegP protease 10","LOC_Os05g34460","OsDegp7 - Putative Deg protease homologue, expressed","TCM5 "
"Chr03N","3N@62.06",24521536,30303640,"LEN","Chr03N","phytozomev13","gene",27176334,27178246,"Pavir.3NG140882","","AT2G31840","","Thioredoxin superfamily protein","LOC_Os05g34470","expressed protein",NA
"Chr03N","3N@62.06",24521536,30303640,"LEN","Chr03N","phytozomev13","gene",27178748,27183129,"Pavir.3NG140883","GO:0006396,GO:0005622","AT5G41770","","crooked neck protein, putative / cell cycle protein, putative","LOC_Os05g22260","crooked neck, putative, expressed",NA
"Chr03N","3N@62.06",24521536,30303640,"LEN","Chr03N","phytozomev13","gene",27199827,27203187,"Pavir.3NG140884","","AT1G65620","AS2","Lateral organ boundaries (LOB) domain family protein","LOC_Os01g66590","DUF260 domain containing protein, putative, expressed","OsIG1 "
"Chr03N","3N@62.06",24521536,30303640,"LEN","Chr03N","phytozomev13","gene",27223262,27226147,"Pavir.3NG140885","","","","","","",NA
"Chr03N","3N@62.06",24521536,30303640,"LEN","Chr03N","phytozomev13","gene",27258899,27261611,"Pavir.3NG140886","GO:0048544,GO:0006468,GO:0004672","AT2G19130","","S-locus lectin protein kinase family protein","LOC_Os01g66640","S-domain receptor-like protein kinase, putative, expressed",NA
"Chr03N","3N@62.06",24521536,30303640,"LEN","Chr03N","phytozomev13","gene",27266574,27268858,"Pavir.3NG140887","","","","","","",NA
"Chr03N","3N@62.06",24521536,30303640,"LEN","Chr03N","phytozomev13","gene",27268490,27271029,"Pavir.3NG140888","GO:0055114,GO:0020037,GO:0016705,GO:0005506","AT1G11680","CYP51,CYP51A2,CYP51G1,EMB1738","CYTOCHROME P450 51G1","LOC_Os05g34380","cytochrome P450, putative, expressed",NA
"Chr03N","3N@62.06",24521536,30303640,"LEN","Chr03N","phytozomev13","gene",27296295,27300443,"Pavir.3NG140889","","","","","","",NA
"Chr03N","3N@62.06",24521536,30303640,"LEN","Chr03N","phytozomev13","gene",27298833,27299342,"Pavir.3NG140890","","","","","","",NA
"Chr03N","3N@62.06",24521536,30303640,"LEN","Chr03N","phytozomev13","gene",27312374,27313229,"Pavir.3NG140891","","","","","","",NA
"Chr03N","3N@62.06",24521536,30303640,"LEN","Chr03N","phytozomev13","gene",27333611,27338895,"Pavir.3NG140892","GO:0005975,GO:0004553","AT1G65590","ATHEX1,HEXO3","beta-hexosaminidase 3","LOC_Os05g34320","beta-hexosaminidase precursor, putative, expressed",NA
"Chr03N","3N@62.06",24521536,30303640,"LEN","Chr03N","phytozomev13","gene",27340109,27341831,"Pavir.3NG140893","","","","","","",NA
"Chr03N","3N@62.06",24521536,30303640,"LEN","Chr03N","phytozomev13","gene",27342443,27343144,"Pavir.3NG140894","","","","","LOC_Os08g09890","expressed protein",NA
"Chr03N","3N@62.06",24521536,30303640,"LEN","Chr03N","phytozomev13","gene",27343161,27343844,"Pavir.3NG140895","","","","","","",NA
"Chr03N","3N@62.06",24521536,30303640,"LEN","Chr03N","phytozomev13","gene",27379660,27383114,"Pavir.3NG140896","GO:0006468,GO:0004672","AT5G48380","BIR1","BAK1-interacting receptor-like kinase 1","LOC_Os05g34270","inactive receptor kinase At1g27190 precursor, putative, expressed",NA
"Chr03N","3N@62.06",24521536,30303640,"LEN","Chr03N","phytozomev13","gene",27427911,27428938,"Pavir.3NG140897","","AT3G49645","","","LOC_Os07g16140","FAD binding protein, putative, expressed",NA
"Chr03N","3N@62.06",24521536,30303640,"LEN","Chr03N","phytozomev13","gene",27434462,27437024,"Pavir.3NG140898","GO:0043531","AT3G14470","","NB-ARC domain-containing disease resistance protein","LOC_Os05g34230","disease resistance protein RGA3, putative, expressed",NA
"Chr03N","3N@62.06",24521536,30303640,"LEN","Chr03N","phytozomev13","gene",27437426,27441516,"Pavir.3NG140899","GO:0043531","AT3G14460","","LRR and NB-ARC domains-containing disease resistance protein","LOC_Os05g34220","vrga1, putative, expressed",NA
"Chr03N","3N@62.06",24521536,30303640,"LEN","Chr03N","phytozomev13","gene",27444557,27448961,"Pavir.3NG140901","GO:0005515","AT1G13570","","F-box/RNI-like superfamily protein","LOC_Os02g33400","OsFBL9 - F-box domain and LRR containing protein, expressed",NA
"Chr03N","3N@62.06",24521536,30303640,"LEN","Chr03N","phytozomev13","gene",27454186,27458318,"Pavir.3NG140902","GO:0006351,GO:0005634,GO:0003677","AT5G05140","","Transcription elongation factor (TFIIS) family protein","LOC_Os05g34210","expressed protein",NA
"Chr03N","3N@62.06",24521536,30303640,"LEN","Chr03N","phytozomev13","gene",27463247,27463576,"Pavir.3NG140903","","","","","","",NA
"Chr03N","3N@62.06",24521536,30303640,"LEN","Chr03N","phytozomev13","gene",27464839,27469069,"Pavir.3NG140904","GO:0016787,GO:0008299,GO:0004452","AT5G16440","IPP1","isopentenyl diphosphate isomerase 1","LOC_Os05g34180","hydrolase, NUDIX family, domain containing protein, expressed",NA
"Chr03N","3N@62.06",24521536,30303640,"LEN","Chr03N","phytozomev13","gene",27485290,27499650,"Pavir.3NG140905","GO:0003924,GO:0007017,GO:0005874","AT5G12250","TUB6","beta-6 tubulin","LOC_Os01g18050","tubulin/FtsZ domain containing protein, putative, expressed",NA
"Chr03N","3N@62.06",24521536,30303640,"LEN","Chr03N","phytozomev13","gene",27501336,27502590,"Pavir.3NG140906","GO:0016787","AT3G23570","","alpha/beta-Hydrolases superfamily protein","LOC_Os05g33100","endo-1,3;1,4-beta-D-glucanase precursor, putative, expressed",NA
"Chr03N","3N@62.06",24521536,30303640,"LEN","Chr03N","phytozomev13","gene",27503923,27505516,"Pavir.3NG140907","GO:0006355,GO:0005739,GO:0003690","AT5G07900","","Mitochondrial transcription termination factor family protein","LOC_Os05g34160","mTERF domain containing protein, expressed",NA
"Chr03N","3N@62.06",24521536,30303640,"LEN","Chr03N","phytozomev13","gene",27506629,27507537,"Pavir.3NG140908","","AT3G29765","","General transcription factor 2-related zinc finger protein","LOC_Os09g14530","hAT dimerisation domain-containing protein, putative",NA
"Chr03N","3N@62.06",24521536,30303640,"LEN","Chr03N","phytozomev13","gene",27515562,27516951,"Pavir.3NG140909","GO:0005515","AT3G09270","ATGSTU8,GSTU8","glutathione S-transferase TAU 8","LOC_Os05g34150","glutathione S-transferase, putative, expressed",NA
"Chr03N","3N@62.06",24521536,30303640,"LEN","Chr03N","phytozomev13","gene",27539600,27540022,"Pavir.3NG140910","","","","","LOC_Os02g35790","expressed protein",NA
"Chr03N","3N@62.06",24521536,30303640,"LEN","Chr03N","phytozomev13","gene",27541235,27542249,"Pavir.3NG140911","","","","","LOC_Os09g11800","expressed protein",NA
"Chr03N","3N@62.06",24521536,30303640,"LEN","Chr03N","phytozomev13","gene",27546159,27546941,"Pavir.3NG140912","","","","","","",NA
"Chr03N","3N@62.06",24521536,30303640,"LEN","Chr03N","phytozomev13","gene",27552044,27555248,"Pavir.3NG140913","","AT5G05090","","Homeodomain-like superfamily protein","LOC_Os05g34110","homeodomain-related, putative, expressed",NA
"Chr03N","3N@62.06",24521536,30303640,"LEN","Chr03N","phytozomev13","gene",27567153,27570504,"Pavir.3NG140914","GO:0003676","AT2G40960","","Single-stranded nucleic acid binding R3H protein","LOC_Os05g34070","DIP1, putative, expressed",NA
"Chr03N","3N@62.06",24521536,30303640,"LEN","Chr03N","phytozomev13","gene",27576408,27578336,"Pavir.3NG140915","","AT5G66920","sks17","SKU5  similar 17","LOC_Os07g02810","L-ascorbate oxidase homolog precursor, putative, expressed",NA
"Chr03N","3N@62.06",24521536,30303640,"LEN","Chr03N","phytozomev13","gene",27621362,27624746,"Pavir.3NG140916","GO:0043565,GO:0006355,GO:0003700","AT2G40950","BZIP17","Basic-leucine zipper (bZIP) transcription factor family protein","LOC_Os05g34050","bZIP transcription factor domain containing protein, expressed","OsbZIP39 "
"Chr03N","3N@62.06",24521536,30303640,"LEN","Chr03N","phytozomev13","gene",27625747,27632865,"Pavir.3NG140917","","AT4G30720","","FAD/NAD(P)-binding oxidoreductase family protein","LOC_Os05g34040","monooxygenase, putative, expressed","TCD5|CSV1 "
"Chr03N","3N@62.06",24521536,30303640,"LEN","Chr03N","phytozomev13","gene",27630396,27636512,"Pavir.3NG140918","GO:0016020,GO:0006810,GO:0005215","AT1G68570","","Major facilitator superfamily protein","LOC_Os05g34030","peptide transporter PTR2, putative, expressed",NA
"Chr03N","3N@62.06",24521536,30303640,"LEN","Chr03N","phytozomev13","gene",27641199,27644759,"Pavir.3NG140919","","","","","","",NA
"Chr03N","3N@62.06",24521536,30303640,"LEN","Chr03N","phytozomev13","gene",27648965,27653013,"Pavir.3NG140920","GO:0016020,GO:0006810,GO:0005215","AT1G68570","","Major facilitator superfamily protein","LOC_Os05g34010","peptide transporter PTR2, putative, expressed",NA
"Chr03N","3N@62.06",24521536,30303640,"LEN","Chr03N","phytozomev13","gene",27668419,27676953,"Pavir.3NG140921","GO:0016020,GO:0006810,GO:0005215","AT1G68570","","Major facilitator superfamily protein","LOC_Os05g34010","peptide transporter PTR2, putative, expressed",NA
"Chr03N","3N@62.06",24521536,30303640,"LEN","Chr03N","phytozomev13","gene",27688958,27690192,"Pavir.3NG140922","","","","","LOC_Os03g24200","OsFBX85 - F-box domain containing protein, expressed",NA
"Chr03N","3N@62.06",24521536,30303640,"LEN","Chr03N","phytozomev13","gene",27690539,27694831,"Pavir.3NG140923","GO:0016020,GO:0006810,GO:0005215","AT1G68570","","Major facilitator superfamily protein","LOC_Os05g33960","peptide transporter PTR2, putative, expressed",NA
"Chr03N","3N@62.06",24521536,30303640,"LEN","Chr03N","phytozomev13","gene",27692491,27693078,"Pavir.3NG140924","","","","","","",NA
"Chr03N","3N@62.06",24521536,30303640,"LEN","Chr03N","phytozomev13","gene",27724307,27725431,"Pavir.3NG140925","","AT3G47680","","DNA binding","LOC_Os12g12690","transposon protein, putative, Pong sub-class, expressed",NA
"Chr03N","3N@62.06",24521536,30303640,"LEN","Chr03N","phytozomev13","gene",27766823,27769792,"Pavir.3NG140926","GO:0055085,GO:0016021,GO:0016020,GO:0006810,GO:0005215","AT1G68570","","Major facilitator superfamily protein","LOC_Os05g33960","peptide transporter PTR2, putative, expressed",NA
"Chr03N","3N@62.06",24521536,30303640,"LEN","Chr03N","phytozomev13","gene",27774552,27776805,"Pavir.3NG140927","","","","","","",NA
"Chr03N","3N@62.06",24521536,30303640,"LEN","Chr03N","phytozomev13","gene",27790206,27791963,"Pavir.3NG140928","GO:0016020,GO:0006810,GO:0005215","AT1G68570","","Major facilitator superfamily protein","LOC_Os05g33960","peptide transporter PTR2, putative, expressed",NA
"Chr03N","3N@62.06",24521536,30303640,"LEN","Chr03N","phytozomev13","gene",27799307,27800539,"Pavir.3NG140929","GO:0016787,GO:0008152","AT5G16080","AtCXE17,CXE17","carboxyesterase 17","LOC_Os05g33940","alpha/beta hydrolase fold, putative, expressed","HSR203J "
"Chr03N","3N@62.06",24521536,30303640,"LEN","Chr03N","phytozomev13","gene",27803386,27804758,"Pavir.3NG140930","GO:0016787,GO:0008152","AT5G16080","AtCXE17,CXE17","carboxyesterase 17","LOC_Os05g33940","alpha/beta hydrolase fold, putative, expressed","HSR203J "
"Chr03N","3N@62.06",24521536,30303640,"LEN","Chr03N","phytozomev13","gene",27829657,27831180,"Pavir.3NG140931","","AT4G14170","","Pentatricopeptide repeat (PPR) superfamily protein","LOC_Os05g33920","pentatricopeptide, putative, expressed",NA
"Chr03N","3N@62.06",24521536,30303640,"LEN","Chr03N","phytozomev13","gene",27902038,27904500,"Pavir.3NG140932","GO:0016021,GO:0016020,GO:0022857","AT5G07050","","nodulin MtN21 /EamA-like transporter family protein","LOC_Os05g33900","auxin-induced protein 5NG4, putative, expressed",NA
"Chr03N","3N@62.06",24521536,30303640,"LEN","Chr03N","phytozomev13","gene",27907794,27913323,"Pavir.3NG140933","GO:0008017,GO:0000910,GO:0000226","AT4G26760","MAP65-2","microtubule-associated protein 65-2","LOC_Os05g33890","microtubule associated protein, putative, expressed",NA
"Chr03N","3N@62.06",24521536,30303640,"LEN","Chr03N","phytozomev13","gene",27916097,27917485,"Pavir.3NG140934","GO:0004869","AT3G12490","ATCYS6,ATCYSB,CYSB","cystatin B","LOC_Os05g33880","cysteine proteinase inhibitor precursor protein, putative, expressed",NA
"Chr03N","3N@62.06",24521536,30303640,"LEN","Chr03N","phytozomev13","gene",27918449,27924637,"Pavir.3NG140935","","AT1G03290","","","LOC_Os10g16440","CUE domain containing protein, expressed",NA
"Chr03N","3N@62.06",24521536,30303640,"LEN","Chr03N","phytozomev13","gene",27928605,27934356,"Pavir.3NG140936","","AT5G18860","","inosine-uridine preferring nucleoside hydrolase family protein","LOC_Os05g33644","inosine-uridine preferring nucleoside hydrolase family protein, putative, expressed",NA
"Chr03N","3N@62.06",24521536,30303640,"LEN","Chr03N","phytozomev13","gene",27941276,27942583,"Pavir.3NG140937","GO:0030247","AT5G50290","","","LOC_Os05g33860","expressed protein",NA
"Chr03N","3N@62.06",24521536,30303640,"LEN","Chr03N","phytozomev13","gene",27950038,27953600,"Pavir.3NG140938","","AT2G26920","","Ubiquitin-associated/translation elongation factor EF1B protein","LOC_Os05g33850","UBA/TS-N domain containing protein, expressed",NA
"Chr03N","3N@62.06",24521536,30303640,"LEN","Chr03N","phytozomev13","gene",27973922,27979777,"Pavir.3NG140939","GO:0008152,GO:0003824,GO:0016114,GO:0008661","AT4G15560","CLA,CLA1,DEF,DXPS2,DXS","Deoxyxylulose-5-phosphate synthase","LOC_Os05g33840","transketolase, putative, expressed","CLA1|OsDXS1|OsDXS2|OsDXS "
"Chr03N","3N@62.06",24521536,30303640,"LEN","Chr03N","phytozomev13","gene",27981612,27988386,"Pavir.3NG140940","","","","","","",NA
"Chr03N","3N@62.06",24521536,30303640,"LEN","Chr03N","phytozomev13","gene",27997096,27997437,"Pavir.3NG140941","","","","","","",NA
"Chr03N","3N@62.06",24521536,30303640,"LEN","Chr03N","phytozomev13","gene",28002672,28005308,"Pavir.3NG140942","","AT4G19090","","Protein of unknown function (DUF594)","LOC_Os07g17050","retrotransposon protein, putative, unclassified, expressed",NA
"Chr03N","3N@62.06",24521536,30303640,"LEN","Chr03N","phytozomev13","gene",28039845,28041460,"Pavir.3NG140943","GO:0008270,GO:0005515","AT5G02750","","RING/U-box superfamily protein","LOC_Os05g33830","zinc finger, C3HC4 type domain containing protein, expressed",NA
"Chr03N","3N@62.06",24521536,30303640,"LEN","Chr03N","phytozomev13","gene",28097604,28101349,"Pavir.3NG140944","","AT1G10740","","alpha/beta-Hydrolases superfamily protein","LOC_Os05g33820","lipase, putative, expressed",NA
"Chr03N","3N@62.06",24521536,30303640,"LEN","Chr03N","phytozomev13","gene",28102401,28119097,"Pavir.3NG140945","GO:0005634,GO:0003677","AT5G18830","ATSPL7,SPL7","squamosa promoter binding protein-like 7","LOC_Os05g33810","OsSPL9 - SBP-box gene family member, expressed","OsSPL9 "
"Chr03N","3N@62.06",24521536,30303640,"LEN","Chr03N","phytozomev13","gene",24664885,24667211,"Pavir.3NG141000","","AT2G38070","","Protein of unknown function (DUF740)","LOC_Os05g37800","DUF740 domain containing protein, expressed",NA
"Chr03N","3N@62.06",24521536,30303640,"LEN","Chr03N","phytozomev13","gene",24679252,24679917,"Pavir.3NG141001","","","","","","",NA
"Chr03N","3N@62.06",24521536,30303640,"LEN","Chr03N","phytozomev13","gene",24695049,24695742,"Pavir.3NG141002","","","","","","",NA
"Chr03N","3N@62.06",24521536,30303640,"LEN","Chr03N","phytozomev13","gene",24695492,24697228,"Pavir.3NG141003","","AT2G38090","","Duplicated homeodomain-like superfamily protein","LOC_Os05g37730","MYB family transcription factor, putative, expressed",NA
"Chr03N","3N@62.06",24521536,30303640,"LEN","Chr03N","phytozomev13","gene",24714418,24718564,"Pavir.3NG141004","GO:0005975,GO:0004553","AT3G47000","","Glycosyl hydrolase family protein","LOC_Os05g37700","periplasmic beta-glucosidase precursor, putative, expressed",NA
"Chr03N","3N@62.06",24521536,30303640,"LEN","Chr03N","phytozomev13","gene",24723925,24724589,"Pavir.3NG141005","GO:0008270","","","","LOC_Os05g04390","expressed protein",NA
"Chr03N","3N@62.06",24521536,30303640,"LEN","Chr03N","phytozomev13","gene",24729742,24733261,"Pavir.3NG141006","","AT2G39940","COI1","RNI-like superfamily protein","LOC_Os05g37690","OsFBL23 - F-box domain and LRR containing protein, expressed","OsCOI1b "
"Chr03N","3N@62.06",24521536,30303640,"LEN","Chr03N","phytozomev13","gene",24746969,24748828,"Pavir.3NG141007","GO:0016747","AT2G39980","","HXXXD-type acyl-transferase family protein","LOC_Os05g37660","transferase family protein, putative, expressed",NA
"Chr03N","3N@62.06",24521536,30303640,"LEN","Chr03N","phytozomev13","gene",24748994,24749584,"Pavir.3NG141008","","","","","","",NA
"Chr03N","3N@62.06",24521536,30303640,"LEN","Chr03N","phytozomev13","gene",24756132,24759035,"Pavir.3NG141009","","AT2G38110","ATGPAT6,GPAT6","glycerol-3-phosphate acyltransferase 6","LOC_Os01g63580","glycerol-3-phosphate acyltransferase, putative, expressed",NA
"Chr03N","3N@62.06",24521536,30303640,"LEN","Chr03N","phytozomev13","gene",24772045,24774450,"Pavir.3NG141010","","","","","","",NA
"Chr03N","3N@62.06",24521536,30303640,"LEN","Chr03N","phytozomev13","gene",24782913,24785328,"Pavir.3NG141011","","AT2G29670","","Tetratricopeptide repeat (TPR)-like superfamily protein","LOC_Os05g37520","expressed protein",NA
"Chr03N","3N@62.06",24521536,30303640,"LEN","Chr03N","phytozomev13","gene",24787565,24790921,"Pavir.3NG141012","","AT4G18770","AtMYB98,MYB98","myb domain protein 98","LOC_Os06g06740","MYB family transcription factor, putative, expressed",NA
"Chr03N","3N@62.06",24521536,30303640,"LEN","Chr03N","phytozomev13","gene",24793080,24793496,"Pavir.3NG141013","","","","","","",NA
"Chr03N","3N@62.06",24521536,30303640,"LEN","Chr03N","phytozomev13","gene",24522848,24525534,"Pavir.3NG141375","GO:0046983","AT1G19260","","TTF-type zinc finger protein with HAT dimerisation domain","LOC_Os11g28740","hAT dimerisation domain-containing protein, putative, expressed",NA
"Chr03N","3N@62.06",24521536,30303640,"LEN","Chr03N","phytozomev13","gene",24527615,24530752,"Pavir.3NG141376","GO:0008270","AT5G05830","","RING/FYVE/PHD zinc finger superfamily protein","LOC_Os05g37900","zinc finger, C3HC4 type domain containing protein, expressed",NA
"Chr03N","3N@62.06",24521536,30303640,"LEN","Chr03N","phytozomev13","gene",24541189,24542573,"Pavir.3NG141377","","AT5G52390","","PAR1 protein","","",NA
"Chr03N","3N@62.06",24521536,30303640,"LEN","Chr03N","phytozomev13","gene",24546691,24554169,"Pavir.3NG141378","","AT3G59820","","LETM1-like protein","LOC_Os02g39550","calcium-binding mitochondrial protein anon-60Da, putative, expressed",NA
"Chr03N","3N@62.06",24521536,30303640,"LEN","Chr03N","phytozomev13","gene",24557868,24558329,"Pavir.3NG141379","","","","","","",NA
"Chr03N","3N@62.06",24521536,30303640,"LEN","Chr03N","phytozomev13","gene",24559820,24564388,"Pavir.3NG141380","","AT2G37980","","O-fucosyltransferase family protein","LOC_Os05g37880","growth regulator related protein, putative, expressed",NA
"Chr03N","3N@62.06",24521536,30303640,"LEN","Chr03N","phytozomev13","gene",24643633,24646313,"Pavir.3NG141381","","AT4G37300","MEE59","maternal effect embryo arrest 59","LOC_Os05g37830","expressed protein",NA
"Chr03N","3N@62.06",24521536,30303640,"LEN","Chr03N","phytozomev13","gene",24646798,24650693,"Pavir.3NG141382","GO:0055085,GO:0022857,GO:0016021","AT2G38060","PHT4;2","phosphate transporter 4;2","LOC_Os05g37820","transporter, major facilitator family, putative, expressed",NA
"Chr03N","3N@62.06",24521536,30303640,"LEN","Chr03N","phytozomev13","gene",28142116,28142328,"Pavir.3NG141400","","","","","","",NA
"Chr03N","3N@62.06",24521536,30303640,"LEN","Chr03N","phytozomev13","gene",28157772,28160638,"Pavir.3NG141401","GO:0016787,GO:0008152","AT5G27320","ATGID1C,GID1C","alpha/beta-Hydrolases superfamily protein","LOC_Os05g33730","gibberellin receptor GID1L2, putative, expressed","GID1|OsGID1 "
"Chr03N","3N@62.06",24521536,30303640,"LEN","Chr03N","phytozomev13","gene",28201390,28207982,"Pavir.3NG141402","GO:0005515","AT4G03020","","transducin family protein / WD-40 repeat family protein","LOC_Os05g33710","WD domain, G-beta repeat domain containing protein, expressed",NA
"Chr03N","3N@62.06",24521536,30303640,"LEN","Chr03N","phytozomev13","gene",28208744,28210457,"Pavir.3NG141403","","","","","","",NA
"Chr03N","3N@62.06",24521536,30303640,"LEN","Chr03N","phytozomev13","gene",28211599,28212350,"Pavir.3NG141404","","AT3G24100","","Uncharacterised protein family SERF","LOC_Os05g33700","4F5 protein family protein, expressed",NA
"Chr03N","3N@62.06",24521536,30303640,"LEN","Chr03N","phytozomev13","gene",28245383,28246993,"Pavir.3NG141405","GO:0006355,GO:0005739,GO:0003690","AT5G07900","","Mitochondrial transcription termination factor family protein","LOC_Os05g33460","mTERF domain containing protein, expressed",NA
"Chr03N","3N@62.06",24521536,30303640,"LEN","Chr03N","phytozomev13","gene",28258006,28261008,"Pavir.3NG141406","","","","","LOC_Os11g24560","protein transport protein, putative, expressed",NA
"Chr03N","3N@62.06",24521536,30303640,"LEN","Chr03N","phytozomev13","gene",28262023,28263298,"Pavir.3NG141407","","","","","","",NA
"Chr03N","3N@62.06",24521536,30303640,"LEN","Chr03N","phytozomev13","gene",28263512,28270588,"Pavir.3NG141408","","AT1G54710","ATATG18H,ATG18H","homolog of yeast autophagy 18 (ATG18) H","LOC_Os05g33610","expressed protein",NA
"Chr03N","3N@62.06",24521536,30303640,"LEN","Chr03N","phytozomev13","gene",28271602,28274798,"Pavir.3NG141409","GO:0022857,GO:0016021","AT4G15545","","","LOC_Os05g33620","expressed protein",NA
"Chr03N","3N@62.06",24521536,30303640,"LEN","Chr03N","phytozomev13","gene",28274477,28279400,"Pavir.3NG141410","","AT5G18860","","inosine-uridine preferring nucleoside hydrolase family protein","LOC_Os05g33630","inosine-uridine preferring nucleoside hydrolase family protein, putative, expressed",NA
"Chr03N","3N@62.06",24521536,30303640,"LEN","Chr03N","phytozomev13","gene",28282085,28282384,"Pavir.3NG141411","","","","","","",NA
"Chr03N","3N@62.06",24521536,30303640,"LEN","Chr03N","phytozomev13","gene",28304137,28312300,"Pavir.3NG141412","","AT5G18860","","inosine-uridine preferring nucleoside hydrolase family protein","LOC_Os05g33644","inosine-uridine preferring nucleoside hydrolase family protein, putative, expressed",NA
"Chr03N","3N@62.06",24521536,30303640,"LEN","Chr03N","phytozomev13","gene",28329277,28332122,"Pavir.3NG141413","","AT5G18860","","inosine-uridine preferring nucleoside hydrolase family protein","LOC_Os05g33644","inosine-uridine preferring nucleoside hydrolase family protein, putative, expressed",NA
"Chr03N","3N@62.06",24521536,30303640,"LEN","Chr03N","phytozomev13","gene",28343720,28347486,"Pavir.3NG141414","","","","","","",NA
"Chr03N","3N@62.06",24521536,30303640,"LEN","Chr03N","phytozomev13","gene",28354105,28364837,"Pavir.3NG141415","","AT5G18860","","inosine-uridine preferring nucleoside hydrolase family protein","LOC_Os05g33644","inosine-uridine preferring nucleoside hydrolase family protein, putative, expressed",NA
"Chr03N","3N@62.06",24521536,30303640,"LEN","Chr03N","phytozomev13","gene",28135546,28137239,"Pavir.3NG141500","","AT2G30780","","Tetratricopeptide repeat (TPR)-like superfamily protein","LOC_Os05g33760","PPR repeat domain containing protein, putative, expressed",NA
