"SITE","LINE","LEN","PRM","SEC"
"CLMB",405,28.5,15,9.5
"CLMB",406,54.5,27,13.5
"CLMB",407,55.25,29,11.5
"CLMB",408,36.25,26,11.5
"CLMB",409,30.5,24,8
"CLMB",410,31.75,23.5,9.5
"CLMB",411,42.75,22,9.5
"CLMB",412,44,30,14.5
"CLMB",413,51,26,13
"CLMB",414,44,25,12.5
"CLMB",415,35.75,17.5,9
"CLMB",416,NA,NA,NA
"CLMB",417,41.75,28.5,13
"CLMB",418,40.75,24.5,9.5
"CLMB",419,46.25,28.5,12
"CLMB",420,48.5,28.5,11.5
"CLMB",421,35,28,10.5
"CLMB",422,33.25,19.5,8.5
"CLMB",423,34,24.5,11
"CLMB",424,52.5,34.5,15
"CLMB",425,47.5,24,11.5
"CLMB",426,36.5,23.5,10
"CLMB",427,NA,NA,NA
"CLMB",428,38.5,26.5,10
"CLMB",429,46.25,22.5,9.5
"CLMB",431,41.5,30,12
"CLMB",432,41.25,23.5,11.5
"CLMB",433,38,25.5,11.5
"CLMB",435,55,37.5,12.5
"CLMB",436,54.75,28,12.5
"CLMB",437,25,24,8.5
"CLMB",438,38.25,28,12.5
"CLMB",439,37.5,20,9
"CLMB",440,NA,NA,NA
"CLMB",442,50,25.5,10.5
"CLMB",443,33.75,27.5,13
"CLMB",444,47.5,37,12.5
"CLMB",445,41,23,12
"CLMB",446,34.25,23.5,11
"CLMB",447,45.5,40.5,16.5
"CLMB",448,41,27,8.5
"CLMB",449,28.5,21,7
"CLMB",450,44.25,21.5,10.5
"CLMB",451,48.5,22.5,11
"CLMB",452,45.25,24.5,11.5
"CLMB",453,43.25,35,17
"CLMB",454,49.25,28,13.5
"CLMB",455,43.5,26,12.5
"CLMB",456,56.5,27.5,13
"CLMB",458,47.25,21.5,12.5
"CLMB",459,49.75,23.5,12
"CLMB",460,46,26.5,9.5
"CLMB",461,49.5,31,12
"CLMB",462,51.75,29.5,13
"CLMB",463,43.25,37.5,15
"CLMB",464,58,25,12
"CLMB",465,50.75,28.5,11
"CLMB",466,32.75,29,9
"CLMB",467,NA,NA,NA
"CLMB",468,46.5,25,12
"CLMB",469,NA,NA,NA
"CLMB",470,56.25,27,11
"CLMB",471,38.25,40.25,13
"CLMB",472,37.75,24,11.5
"CLMB",473,53.75,34.5,14.5
"CLMB",474,43,27.5,11.5
"CLMB",475,53.5,23.5,11.5
"CLMB",476,34.75,21.5,8.5
"CLMB",477,32.5,24.5,8.5
"CLMB",479,48.75,26.5,11.5
"CLMB",480,44.25,27,10.5
"CLMB",482,45.5,25.5,10.5
"CLMB",483,36.75,23,10
"CLMB",484,28.25,19,9
"CLMB",485,44.5,25,10.5
"CLMB",486,42.25,29,10
"CLMB",487,55.75,35,12
"CLMB",488,39.5,22,10.5
"CLMB",489,45.75,31,11.5
"CLMB",491,46.75,27.5,10.5
"CLMB",492,44.25,25,11
"CLMB",493,NA,NA,NA
"CLMB",494,43,32.5,11
"CLMB",495,NA,NA,NA
"CLMB",496,41.5,29.5,12
"CLMB",497,34.5,19.5,9
"CLMB",498,40.5,26,11.5
"CLMB",499,49.25,25.5,10
"CLMB",500,45.5,12.5,12
"CLMB",501,29.5,24,9.5
"CLMB",502,37.5,28,11
"CLMB",503,45.25,30,13.5
"CLMB",504,NA,NA,NA
"CLMB",505,44,25,9.5
"CLMB",506,58.75,29,15
"CLMB",507,46.5,33,14
"CLMB",508,44.5,32,12
"CLMB",511,49.5,27,12
"CLMB",512,32.75,19.5,9
"CLMB",513,NA,NA,NA
"CLMB",514,63.75,26,14.5
"CLMB",515,34.5,21,9.5
"CLMB",516,42.25,27,9
"CLMB",518,NA,NA,NA
"CLMB",519,42.75,36,12.5
"CLMB",520,NA,NA,NA
"CLMB",521,40.5,18,11
"CLMB",522,51.5,20,11
"CLMB",523,52,27.5,12.5
"CLMB",524,49.75,27.5,12.5
"CLMB",525,40.5,23,12
"CLMB",526,39,23.5,10.5
"CLMB",527,37.75,23.5,12
"CLMB",529,48,27,13
"CLMB",530,35.75,21,10
"CLMB",531,38.75,23.5,9.5
"CLMB",532,40.75,22.5,11.5
"CLMB",533,17,13,6
"CLMB",534,33.75,24,10
"CLMB",535,48.5,31.5,13
"CLMB",536,42,21,10.5
"CLMB",537,38,37,17.5
"CLMB",539,45.25,29,11
"CLMB",540,34,29,10
"CLMB",541,36.75,25.5,13
"CLMB",542,47.5,33,15
"CLMB",544,47.5,28,11.5
"CLMB",545,46.75,41.5,14
"CLMB",546,31,30,11
"CLMB",547,49,38,10
"CLMB",548,35.75,20,11
"CLMB",549,47.5,37,15
"CLMB",551,NA,NA,NA
"CLMB",552,44.75,31.5,11
"CLMB",553,44.75,32,18.5
"CLMB",555,53,28.5,12
"CLMB",556,NA,NA,NA
"CLMB",557,NA,NA,NA
"CLMB",558,50.75,34,11.5
"CLMB",559,43.75,30.5,11
"CLMB",560,NA,NA,NA
"CLMB",562,47,27.5,12
"CLMB",563,39.75,31.5,10.5
"CLMB",564,32,21.5,9
"CLMB",565,38.25,33,12.5
"CLMB",566,39,28,11.5
"CLMB",567,44,25.5,10.5
"CLMB",569,38,23.5,9.5
"CLMB",570,48.25,24.5,11.5
"CLMB",571,52,24.5,9
"CLMB",572,34.75,18,9.5
"CLMB",573,41.5,29,11.5
"CLMB",574,41.25,21.5,10.5
"CLMB",576,44.25,26,12
"CLMB",577,NA,NA,NA
"CLMB",578,24.5,17,6.5
"CLMB",579,47.5,29.5,9.5
"CLMB",580,NA,NA,NA
"CLMB",581,30.25,30,11
"CLMB",583,39.5,27,12
"CLMB",584,47,30,12.5
"CLMB",585,37,24.5,9
"CLMB",586,38,25,11
"CLMB",588,55.25,33,12.5
"CLMB",589,47,28,11.5
"CLMB",592,34.5,31,10.5
"CLMB",593,40,27,11.5
"CLMB",594,54.75,36.5,15.5
"CLMB",595,47.5,24,11
"CLMB",596,44.25,24,11
"CLMB",597,NA,NA,NA
"CLMB",598,NA,NA,NA
"CLMB",599,52,33.5,14.5
"CLMB",600,42.75,32.5,13
"CLMB",601,NA,NA,NA
"CLMB",602,55.25,31,13
"CLMB",603,NA,NA,NA
"CLMB",604,34,32.5,11
"CLMB",605,44.75,28,12.5
"CLMB",606,52.25,23.5,14
"CLMB",608,40.5,23.5,11.5
"CLMB",609,35.25,29,12.5
"CLMB",610,46.5,31,12.5
"CLMB",611,43.5,26.5,12.5
"CLMB",612,39,23,12
"CLMB",613,41.5,21,14.5
"CLMB",614,52.5,30,12.5
"CLMB",618,42,30.5,12
"CLMB",619,41.5,30,12
"CLMB",620,40.75,23,9
"CLMB",621,49.75,34.5,10.5
"CLMB",622,41.75,28,11.5
"CLMB",623,46.75,28,12
"CLMB",624,41.25,26.5,15.5
"CLMB",625,25.75,16,6
"CLMB",627,28.75,18,8
"CLMB",628,NA,NA,NA
"CLMB",629,46.5,28,12
"CLMB",630,NA,NA,NA
"CLMB",632,44.25,26,12.5
"CLMB",633,32.75,25.5,9
"CLMB",634,47,28,13.5
"CLMB",635,42.5,28,13
"CLMB",636,40.25,26.5,10
"CLMB",637,48.5,30,14.5
"CLMB",638,43,27.5,13
"CLMB",639,32.5,22,11
"CLMB",640,52.25,31.5,13
"CLMB",641,44,34,12.5
"CLMB",642,48.75,26,11.5
"CLMB",643,34.25,21.5,9.5
"CLMB",644,NA,NA,NA
"CLMB",645,51.5,28,11.5
"CLMB",647,39.75,23,9
"CLMB",648,NA,NA,NA
"CLMB",649,43.5,27.5,11
"CLMB",652,42.75,24.5,10
"CLMB",654,42.75,19,8.5
"CLMB",655,55.5,33,14
"CLMB",656,34,27.5,9
"CLMB",657,47.25,22.5,13
"CLMB",658,47,23.5,12
"CLMB",660,41.5,30.5,13
"CLMB",661,50.5,27,14.5
"CLMB",663,33.5,27.5,8.5
"CLMB",664,42.5,29.5,11.5
"CLMB",666,42,27,10.5
"CLMB",667,46,19,12
"CLMB",668,45.75,22,12.5
"CLMB",669,35.75,21,10.5
"CLMB",670,NA,NA,NA
"CLMB",671,38.5,29.5,11
"CLMB",672,45.5,26,11.5
"CLMB",673,44.25,24,12
"CLMB",674,51.75,31,12
"CLMB",675,32.75,28,10
"CLMB",677,49.5,27.5,14
"CLMB",679,NA,NA,NA
"CLMB",680,32.75,24.5,10
"CLMB",681,49.5,24,12.5
"CLMB",682,38.25,25,10.5
"CLMB",683,48.5,32,12.5
"CLMB",684,52,36,12
"CLMB",685,45,25.5,11
"CLMB",686,51.25,26,13
"CLMB",689,40.5,18.5,11.5
"CLMB",690,42.5,27.5,12
"CLMB",691,46.5,20.5,9.5
"CLMB",692,47.75,36,14
"CLMB",693,37.75,28,10
"CLMB",694,20.5,20.5,11.5
"CLMB",695,37.5,22.5,10.5
"CLMB",696,37.5,25,11
"CLMB",697,40,17.5,7.5
"CLMB",698,44.75,29,13.5
"CLMB",699,41.25,28,11.5
"CLMB",700,37.75,25,11
"CLMB",702,36.5,23,9
"CLMB",703,42.75,18.5,11.5
"CLMB",704,44.75,31.5,13
"CLMB",705,43.75,21,12
"CLMB",706,45,21.5,12.5
"CLMB",707,40,20.5,9.5
"CLMB",708,NA,NA,NA
"CLMB",710,51,34,17.5
"CLMB",711,47.25,28,11.5
"CLMB",712,42.75,22.5,10.5
"CLMB",713,40.25,23,11
"CLMB",714,38.75,26,14
"CLMB",715,52,28.5,12
"CLMB",716,49.25,23,11
"CLMB",718,41.25,25.5,10
"CLMB",719,45.5,31.6666666666667,13.25
"CLMB",720,49.25,30,12.5
"CLMB",721,NA,NA,NA
"CLMB",722,40.75,26,11
"CLMB",723,NA,NA,NA
"CLMB",724,46.25,30.5,11
"CLMB",725,40.75,24.5,10
"CLMB",726,42.5,25,8.5
"CLMB",729,38.5,23,11.5
"CLMB",730,37.25,24.5,10.5
"CLMB",731,50.5,28.5,15.5
"CLMB",732,NA,NA,NA
"CLMB",733,51,30,12
"CLMB",734,48.5,38.5,13
"CLMB",735,46.25,42,14.5
"CLMB",736,47.75,31.5,13
"CLMB",737,50,31,11
"CLMB",738,43.5,26.5,11.5
"CLMB",739,44,33.5,18
"CLMB",740,40.5,30,11
"CLMB",742,43.75,23.5,14
"CLMB",743,34.75,13.5,11
"CLMB",744,48.75,35,14
"CLMB",745,48.5,23,11.5
"CLMB",746,33.75,23,11
"CLMB",748,47.75,26.5,12.5
"CLMB",749,49.75,25,19.5
"CLMB",750,37.25,26.5,13
"CLMB",751,59,26,11.5
"CLMB",752,29,24,9
"CLMB",753,45.75,33.5,16.5
"CLMB",755,45,25,11
"CLMB",756,48.5,31,14.5
"CLMB",757,47,34,19
"CLMB",758,45.75,29.5,16
"CLMB",759,43.25,28,11
"CLMB",760,41.375,28.5,16.75
"CLMB",761,45.25,26,13.5
"CLMB",762,39.25,22.5,10.5
"CLMB",763,35.25,21.5,9.5
"CLMB",764,41.5,23.5,12
"CLMB",765,16.75,31.5,15.5
"CLMB",766,35.25,26,12.5
"CLMB",767,48,30.5,13
"CLMB",768,36,22.5,10
"CLMB",769,NA,NA,NA
"CLMB",770,41.5,29,10.5
"CLMB",771,40,26.5,9.5
"CLMB",772,43.25,22,12
"CLMB",773,48,24.5,11.5
"CLMB",774,30.25,24,9
"CLMB",775,34.5,20,9
"CLMB",776,40.5,28,12
"CLMB",777,36.5,21,10
"CLMB",778,42.75,29,8.5
"CLMB",779,34.25,25.5,25.5
"CLMB",780,60.5,31,14.5
"CLMB",781,44,25,10.5
"CLMB",782,38.25,28.5,11
"CLMB",783,54.5,45.5,13.5
"CLMB",784,45,30.5,14.5
"CLMB",785,42.75,27,10.5
"CLMB",786,36,30.5,10.5
"CLMB",787,51.5,39,16.5
"CLMB",788,48.75,31,9
"CLMB",789,41.75,24,11.5
"CLMB",790,50,33.5,12.5
"CLMB",792,56.75,37.5,12
"CLMB",794,43,29.5,11
"CLMB",795,32,27,11
"CLMB",796,37,29.5,10
"CLMB",797,36,21,12
"CLMB",799,57.25,26,13.5
"CLMB",800,39,22.5,8
"CLMB",801,44.75,26.5,15.5
"CLMB",802,48.25,38,15.5
"CLMB",803,31.5,26,9.5
"CLMB",804,39.75,22,10
"CLMB",805,36,29,10.5
"CLMB",806,35.25,31.5,12.5
"CLMB",808,32.5,26.5,10.5
"CLMB",809,33.75,30.5,11.5
"CLMB",810,42.75,29.5,11.5
"CLMB",811,37.25,26,11
"CLMB",812,38,29,11.5
"CLMB",813,NA,NA,NA
"CLMB",814,43.5,24,10
"CLMB",815,33.5,27,10.5
"CLMB",816,46,31.5,12.5
"CLMB",817,43.75,30.5,11
"CLMB",818,48.25,28.5,12.5
"CLMB",819,56.25,31,18
"CLMB",820,43.75,18.5,9
"CLMB",821,40.5,22.5,12
"CLMB",822,40.25,21.5,13
"CLMB",823,44,31,10.5
"CLMB",824,44.5,36.5,14
"CLMB",825,39,25.5,13.5
"KBSM",405,35.25,20.5,11
"KBSM",406,52.25,26.5,14
"KBSM",407,42.5,28,14.5
"KBSM",408,38,31,13.5
"KBSM",409,35.5,32.5,14
"KBSM",410,44.5,29.5,15.5
"KBSM",411,42.5,22,11
"KBSM",412,41,38,17
"KBSM",413,NA,NA,NA
"KBSM",414,46.5,30,12
"KBSM",415,35.25,20.5,11.5
"KBSM",416,NA,NA,NA
"KBSM",417,43.5,28,13.5
"KBSM",418,43.75,28.5,12.5
"KBSM",419,48.5,36,15.5
"KBSM",420,45.5,30,13
"KBSM",421,37.5,29.5,12.5
"KBSM",422,33.75,24,11.5
"KBSM",423,38.5,26.5,13
"KBSM",424,48.5,38,17.5
"KBSM",425,47.5,31,14
"KBSM",426,35,27,12.5
"KBSM",427,37.25,23.5,11
"KBSM",428,41.5,30.5,14.5
"KBSM",429,40,25,14
"KBSM",431,44.25,33,15
"KBSM",432,46.25,27,17
"KBSM",433,46.5,33.5,15
"KBSM",435,52.5,37,17
"KBSM",436,49.25,30.5,13.5
"KBSM",437,NA,NA,NA
"KBSM",438,37.25,23.5,10.5
"KBSM",439,38.25,23,12
"KBSM",440,42.5,28,12
"KBSM",442,43.5,28,13.5
"KBSM",443,39.25,34,14
"KBSM",444,43,26.5,13.5
"KBSM",445,32.25,24,11
"KBSM",446,38.75,29,12
"KBSM",447,46,42,13
"KBSM",448,39.75,29.5,11.5
"KBSM",449,30.75,24.5,14
"KBSM",450,41.25,22.5,15.5
"KBSM",451,42.75,24,12
"KBSM",452,43.25,33,13
"KBSM",453,43.25,32.5,14.5
"KBSM",454,NA,NA,NA
"KBSM",455,41.5,26,13
"KBSM",456,54.5,28,13
"KBSM",458,45,35.5,14
"KBSM",459,47.5,27,13.5
"KBSM",460,44,31.5,14
"KBSM",461,50,30,22.5
"KBSM",462,38.5,28,12.5
"KBSM",463,63.5,41,19
"KBSM",464,56.5,30,14.5
"KBSM",465,53.625,30.75,15.75
"KBSM",466,38.5,33,14
"KBSM",467,39,23.5,14.5
"KBSM",468,47.5,26.5,14.5
"KBSM",469,46.25,28.5,12
"KBSM",470,45.25,28,14
"KBSM",471,47,37,14
"KBSM",472,39.5,29.5,12.5
"KBSM",473,44.25,34.5,16.5
"KBSM",474,NA,NA,NA
"KBSM",475,53.25,24.5,12
"KBSM",476,51.5,27.5,13.5
"KBSM",477,33,28.5,11
"KBSM",479,44,30,14
"KBSM",480,45.75,29,17
"KBSM",482,NA,NA,NA
"KBSM",483,33.25,29,12
"KBSM",484,34.5,21.5,10.5
"KBSM",485,44.75,30,15.5
"KBSM",486,NA,NA,NA
"KBSM",487,32.75,37.5,12.5
"KBSM",488,37,23,11
"KBSM",489,50.75,26,13.5
"KBSM",491,49.25,33.5,12.5
"KBSM",492,38.5,27.5,13
"KBSM",493,37.75,20.5,9.5
"KBSM",494,41.75,33.5,17.5
"KBSM",495,39.5,39.5,15.5
"KBSM",496,47,32,16.5
"KBSM",497,41.25,22.5,14
"KBSM",498,41,29.5,13.5
"KBSM",499,NA,NA,NA
"KBSM",500,41.5,25,14
"KBSM",501,38.75,25,11
"KBSM",502,41.75,32.5,15
"KBSM",503,41.5,27,15.5
"KBSM",504,NA,NA,NA
"KBSM",505,50.25,29.5,14
"KBSM",506,62,32.5,13.5
"KBSM",507,48.5,36.5,17
"KBSM",508,41.75,33.5,14
"KBSM",511,50,34,13
"KBSM",512,43.25,22,12
"KBSM",513,46,22,13
"KBSM",514,NA,NA,NA
"KBSM",515,31.75,17.5,12
"KBSM",516,42.5,31.5,12.5
"KBSM",518,NA,NA,NA
"KBSM",519,NA,NA,NA
"KBSM",520,46.5,28.5,18.5
"KBSM",521,43,22.5,11
"KBSM",522,53.5,23.5,12.5
"KBSM",523,48,24.5,14.5
"KBSM",524,43.5,30,16.5
"KBSM",525,45.5,28,14
"KBSM",526,35.75,24.5,11.5
"KBSM",527,41.5,28,13
"KBSM",529,46.75,27.5,13.5
"KBSM",530,37.5,30.5,12
"KBSM",531,34.25,27,15
"KBSM",532,42.75,22,16
"KBSM",533,29.75,19.5,8.5
"KBSM",534,33.75,23.5,11
"KBSM",535,48.5,35,16
"KBSM",536,46,28,13
"KBSM",537,45.25,34,15
"KBSM",539,39.25,29.5,14
"KBSM",540,45,30.5,12.5
"KBSM",541,35,27,13.5
"KBSM",542,47,41,17.5
"KBSM",544,40.75,32.5,16
"KBSM",545,42.25,41,19
"KBSM",546,41,34,11
"KBSM",547,46.5,26,16
"KBSM",548,37.25,31,13
"KBSM",549,50.25,38.5,18
"KBSM",551,NA,NA,NA
"KBSM",552,37,26.5,11.5
"KBSM",553,38.75,30,16
"KBSM",555,54.75,28,12.5
"KBSM",556,NA,NA,NA
"KBSM",557,40.25,36.5,14
"KBSM",558,52,35,16
"KBSM",559,45.25,30.5,18.5
"KBSM",560,39.5,29.5,11
"KBSM",562,43.75,31,15.5
"KBSM",563,40.5,31,19.5
"KBSM",564,NA,NA,NA
"KBSM",565,46.25,37,13
"KBSM",566,39,31.5,12
"KBSM",567,41.5,24.5,14
"KBSM",569,52.75,32.5,12
"KBSM",570,38,26,13
"KBSM",571,44,30,12.5
"KBSM",572,45,24.5,13.5
"KBSM",573,38.75,32.5,14
"KBSM",574,43,27,11.5
"KBSM",576,43,26.5,13
"KBSM",577,48.25,29.5,12
"KBSM",578,47,34,15
"KBSM",579,48.5,31.5,12.5
"KBSM",580,41,25.5,13
"KBSM",581,36.25,34,16
"KBSM",583,46,27.5,13
"KBSM",584,55,39.5,16
"KBSM",585,34.75,27.5,11
"KBSM",586,50.5,32.5,14.5
"KBSM",588,48.75,32,16
"KBSM",589,41.25,29,12.5
"KBSM",592,44.25,34.5,14.5
"KBSM",593,38.25,27,12.5
"KBSM",594,50,35,15.5
"KBSM",595,48.5,29,14
"KBSM",596,46.25,27,12.5
"KBSM",597,59,33.5,16.5
"KBSM",598,42,26,16.5
"KBSM",599,NA,NA,NA
"KBSM",600,43.5,42,18.5
"KBSM",601,48,43.5,18.5
"KBSM",602,NA,NA,NA
"KBSM",603,NA,NA,NA
"KBSM",604,NA,NA,NA
"KBSM",605,48,32.5,14
"KBSM",606,49,26,14.5
"KBSM",608,40.5,25,12.5
"KBSM",609,38.25,28.5,13.5
"KBSM",610,52,30.5,13
"KBSM",611,43,32,14.5
"KBSM",612,39.5,19,12.5
"KBSM",613,36.75,23,12
"KBSM",614,47.5,31.5,17
"KBSM",618,54.5,35,17
"KBSM",619,47,33,13
"KBSM",620,44.5,27,13
"KBSM",621,44,38.5,14.5
"KBSM",622,45.25,28,14
"KBSM",623,NA,NA,NA
"KBSM",624,NA,NA,NA
"KBSM",625,43.25,23.5,12.5
"KBSM",627,34.5,24.5,11
"KBSM",628,37,29.5,14.5
"KBSM",629,51,33,16.5
"KBSM",630,38,27.5,12.5
"KBSM",632,47.25,29,11.5
"KBSM",633,44.25,28,11.5
"KBSM",634,46.25,30.5,15.5
"KBSM",635,46.25,35,15.5
"KBSM",636,45,30.5,12.5
"KBSM",637,49.25,29.5,16
"KBSM",638,40.75,27,13.5
"KBSM",639,47.5,28.5,14.5
"KBSM",640,49.75,33.5,15
"KBSM",641,40,35,14.5
"KBSM",642,45.25,27,13.5
"KBSM",643,36.25,23.5,11
"KBSM",644,38,25,11
"KBSM",645,NA,NA,NA
"KBSM",647,NA,NA,NA
"KBSM",648,28.5,21,10
"KBSM",649,38.25,27,13
"KBSM",652,45.75,28.5,12
"KBSM",654,46,22.5,11
"KBSM",655,40.25,29,14
"KBSM",656,55.5,33,19
"KBSM",657,42.75,25,16.5
"KBSM",658,47,21.5,12.5
"KBSM",660,41.75,31,14.5
"KBSM",661,50,26,14.5
"KBSM",663,45.75,32,13
"KBSM",664,40,29.5,12.5
"KBSM",666,42.75,31,13
"KBSM",667,42.5,22.5,11.5
"KBSM",668,46.75,25.5,15
"KBSM",669,29,24,10
"KBSM",670,42.25,23,12
"KBSM",671,NA,NA,NA
"KBSM",672,47,28,15
"KBSM",673,45.75,25,13
"KBSM",674,48.75,34.5,13.5
"KBSM",675,43,33,13
"KBSM",677,NA,NA,NA
"KBSM",679,49.75,22,13.5
"KBSM",680,37.25,26,9.5
"KBSM",681,57.25,29.5,13.5
"KBSM",682,37.75,31.5,13
"KBSM",683,42.75,33,12.5
"KBSM",684,48.25,39.5,14
"KBSM",685,39.5,26.5,13
"KBSM",686,45.25,31.5,13.5
"KBSM",689,NA,NA,NA
"KBSM",690,45.5,33,15.5
"KBSM",691,45.5,23,12
"KBSM",692,50.75,36,18.5
"KBSM",693,34.5,26.5,10
"KBSM",694,37.75,22,12.5
"KBSM",695,41.75,26.5,13
"KBSM",696,55.75,27,13.5
"KBSM",697,38,21,11
"KBSM",698,39,28.5,13.5
"KBSM",699,39.25,33.5,14
"KBSM",700,37,25.5,11.5
"KBSM",702,NA,NA,NA
"KBSM",703,36,14.5,11
"KBSM",704,50.75,28,14.5
"KBSM",705,42.25,22.5,13
"KBSM",706,45.25,23.5,12
"KBSM",707,NA,NA,NA
"KBSM",708,NA,NA,NA
"KBSM",710,48,38.5,19
"KBSM",711,44,31,13
"KBSM",712,43.75,25.5,15
"KBSM",713,36.25,27.5,12.5
"KBSM",714,NA,NA,NA
"KBSM",715,47.25,31.5,13.5
"KBSM",716,38.5,24,12.5
"KBSM",718,NA,NA,NA
"KBSM",719,52,31,14
"KBSM",720,36.5,29.5,16
"KBSM",721,37.75,29,13
"KBSM",722,45.75,27,12.5
"KBSM",723,NA,NA,NA
"KBSM",724,45.75,28,11
"KBSM",725,37.75,29,12.5
"KBSM",726,49.75,30.5,18.5
"KBSM",729,38.5,26.5,15
"KBSM",730,37.25,20.5,12
"KBSM",731,55.75,35,18.5
"KBSM",732,38.5,32,12.5
"KBSM",733,46,28.5,13
"KBSM",734,48.25,41.5,15
"KBSM",735,47.75,41.5,20
"KBSM",736,44,32.5,12.5
"KBSM",737,54.75,33.5,14
"KBSM",738,47.75,29,14.5
"KBSM",739,36.75,29.5,15.5
"KBSM",740,52.75,34,14.5
"KBSM",742,32.25,21.5,12
"KBSM",743,45.25,34,14.5
"KBSM",744,47.75,37,22
"KBSM",745,45.75,30.5,13
"KBSM",746,44.75,29,15
"KBSM",748,56.02,27.5,15.5
"KBSM",749,48.5,28,15.5
"KBSM",750,40,29,13.5
"KBSM",751,49.5,28.5,12
"KBSM",752,37.25,28,13
"KBSM",753,51,37.5,19
"KBSM",755,44.75,30.5,14
"KBSM",756,45.5,31.5,14
"KBSM",757,39.75,30.5,13
"KBSM",758,48,27,13.5
"KBSM",759,36,27.5,14
"KBSM",760,45.25,42.5,19
"KBSM",761,44.75,31.5,13.5
"KBSM",762,42.25,26,14
"KBSM",763,35.5,23,15.5
"KBSM",764,46.75,25,14
"KBSM",765,50.5,32.5,16
"KBSM",766,31.5,22.5,12
"KBSM",767,42.25,31.5,15.5
"KBSM",768,43.25,29,14
"KBSM",769,NA,NA,NA
"KBSM",770,44.75,34.5,13
"KBSM",771,37.5,27.5,11.5
"KBSM",772,45.5,23,14
"KBSM",773,48.75,23.5,14
"KBSM",774,53,33,14
"KBSM",775,42,21.5,11.5
"KBSM",776,41,26,13.5
"KBSM",777,33.75,27.5,12
"KBSM",778,35.25,25.5,12
"KBSM",779,40,25,12
"KBSM",780,51.75,29.5,14.5
"KBSM",781,NA,NA,NA
"KBSM",782,41.25,30.5,14.5
"KBSM",783,50.75,44.5,14.5
"KBSM",784,40.75,33.5,15.5
"KBSM",785,49.5,26,13.5
"KBSM",786,39.75,29.5,13.5
"KBSM",787,39.25,37.5,12.5
"KBSM",788,40,32.5,14
"KBSM",789,41.5,28,14
"KBSM",790,45,30.5,14
"KBSM",792,51.75,38,12.5
"KBSM",794,52.75,34,17
"KBSM",795,40,28,13.5
"KBSM",796,NA,NA,NA
"KBSM",797,39,22,12.5
"KBSM",799,NA,NA,NA
"KBSM",800,45.5,29,13.5
"KBSM",801,44.25,23.5,14.5
"KBSM",802,47.5,34,16
"KBSM",803,40.5,29.5,12
"KBSM",804,33,24.5,13.5
"KBSM",805,39.75,34.5,13
"KBSM",806,37.75,33.5,12.5
"KBSM",808,43,33,21
"KBSM",809,40.5,34.5,14
"KBSM",810,44,30.5,15
"KBSM",811,36.75,27,13.5
"KBSM",812,40,34.5,17.5
"KBSM",813,36.25,25.5,11
"KBSM",814,46.75,31.5,12.5
"KBSM",815,41.75,29.5,12
"KBSM",816,44.75,25,12
"KBSM",817,NA,NA,NA
"KBSM",818,62,33,17
"KBSM",819,47.5,28.5,15
"KBSM",820,47.5,22,12
"KBSM",821,39,28.5,11.5
"KBSM",822,44,25.5,13.5
"KBSM",823,47.25,35,13.5
"KBSM",824,49,34,15
"KBSM",825,38.75,29,14.5
"PKLE",405,30.5,18.5,8
"PKLE",406,NA,NA,NA
"PKLE",407,43.5,24.5,8.5
"PKLE",408,36.75,26.5,8.5
"PKLE",409,33.25,31,8.5
"PKLE",410,31.25,18.5,8
"PKLE",411,37.5,22.5,10.5
"PKLE",412,49,29.5,6.5
"PKLE",413,39.5,20,10
"PKLE",414,52.25,26,11.5
"PKLE",415,32,23,12
"PKLE",416,49.75,15.5,8.5
"PKLE",417,21.5,15.5,7.5
"PKLE",418,NA,NA,NA
"PKLE",419,NA,NA,NA
"PKLE",420,45.75,28,11
"PKLE",421,30.5,18.5,6.5
"PKLE",422,24,22,6
"PKLE",423,NA,NA,NA
"PKLE",424,20.75,21.5,11.5
"PKLE",425,50.6,29,12
"PKLE",426,33.75,13,6
"PKLE",427,NA,NA,NA
"PKLE",428,37,16,5.5
"PKLE",429,42.5,24,10.5
"PKLE",431,41.3,25.5,10
"PKLE",432,40.5,24.5,10.5
"PKLE",433,34,21.5,9.5
"PKLE",435,52.25,41.5,15
"PKLE",436,48,16.5,8.5
"PKLE",437,36.55,30.5,10.5
"PKLE",438,NA,NA,NA
"PKLE",439,38.75,23,9.5
"PKLE",440,48,25.5,8
"PKLE",442,57.5,25,10
"PKLE",443,35.5,34,10.5
"PKLE",444,37.75,22.5,9
"PKLE",445,40.75,19.5,4
"PKLE",446,34.5,27.5,10
"PKLE",447,30.5,34,9
"PKLE",448,36.25,26,9.5
"PKLE",449,31.5,21.5,7.5
"PKLE",450,38,22,11
"PKLE",451,36.5,20.5,9.5
"PKLE",452,33.5,19,6.5
"PKLE",453,35.5,27.5,11.5
"PKLE",454,NA,NA,NA
"PKLE",455,NA,NA,NA
"PKLE",456,43.5,28.5,11
"PKLE",458,45.25,21,7
"PKLE",459,40,19.5,7.5
"PKLE",460,31,33.5,10
"PKLE",461,52.75,27.5,9
"PKLE",462,NA,NA,NA
"PKLE",463,47.925,28.75,12.5
"PKLE",464,45.25,21.5,11
"PKLE",465,44.75,31,15
"PKLE",466,36.55,31,11
"PKLE",467,31.5,22.5,11
"PKLE",468,45.5,20.5,9
"PKLE",469,38.5,24,7.5
"PKLE",470,44.5,20.5,6
"PKLE",471,57,30.5,9
"PKLE",472,25,16.5,7
"PKLE",473,42,27,12.5
"PKLE",474,33,23.5,9
"PKLE",475,51.25,24,11.5
"PKLE",476,52.55,26,12.5
"PKLE",477,36.5,25,8
"PKLE",479,53,26,11
"PKLE",480,32.25,25,10.5
"PKLE",482,46.55,29,12
"PKLE",483,28.25,24.5,10.5
"PKLE",484,31.25,16.5,9.5
"PKLE",485,34,26,11
"PKLE",486,42.45,25,8.5
"PKLE",487,34.5,22.5,7.5
"PKLE",488,40.5,17.5,7
"PKLE",489,37.5,21.5,8.5
"PKLE",491,46.25,27.5,11.5
"PKLE",492,46.5,21.5,9
"PKLE",493,31.425,14,6.5
"PKLE",494,50.1,34.5,16
"PKLE",495,36,31,8.5
"PKLE",496,42.15,30,11
"PKLE",497,37.75,20,11
"PKLE",498,31.5,28.5,10.5
"PKLE",499,53.25,23,6.5
"PKLE",500,34.5,21,10
"PKLE",501,38.95,24,12
"PKLE",502,49,24,12
"PKLE",503,34.55,27.5,9.5
"PKLE",504,41.55,22,10
"PKLE",505,28.75,19,8.5
"PKLE",506,38.5,26,9
"PKLE",507,NA,NA,NA
"PKLE",508,37.95,27,11.5
"PKLE",511,45,30,10
"PKLE",512,32.95,15,8.5
"PKLE",513,31.75,21,7.5
"PKLE",514,30,20,8.5
"PKLE",515,39.5,13,6.5
"PKLE",516,32.6,27,10.5
"PKLE",518,45,29,12
"PKLE",519,NA,NA,NA
"PKLE",520,39,24.5,9.5
"PKLE",521,27.5,19,8.5
"PKLE",522,30.75,19.5,10
"PKLE",523,56.25,20.5,10.5
"PKLE",524,36.5,25,11.5
"PKLE",525,50.75,23,7.5
"PKLE",526,34.95,23,11
"PKLE",527,31,22.5,9
"PKLE",529,48,22.5,10.5
"PKLE",530,41.75,33.5,13
"PKLE",531,30.5,23.5,11.5
"PKLE",532,37.75,13,4
"PKLE",533,26.75,8.5,2.5
"PKLE",534,36,20,7
"PKLE",535,39.5,36.5,10.5
"PKLE",536,34,24.5,10
"PKLE",537,45.25,30,8.5
"PKLE",539,27,30.5,10.5
"PKLE",540,30.5,23,7
"PKLE",541,23.45,17,8
"PKLE",542,45.25,27.5,10.5
"PKLE",544,41.75,32,10
"PKLE",545,50.3,37.5,14
"PKLE",546,39.5,29,5.5
"PKLE",547,45.75,34.5,10.5
"PKLE",548,29,16.5,5.5
"PKLE",549,46.85,28.5,13
"PKLE",551,35.5,23,7.5
"PKLE",552,39,23.5,11
"PKLE",553,38.75,16,6.5
"PKLE",555,45.5,35,12.5
"PKLE",556,35.5,31.5,12
"PKLE",557,NA,NA,NA
"PKLE",558,42,37,10.5
"PKLE",559,39.5,31,12
"PKLE",560,46,25.5,13.5
"PKLE",562,39.75,26.5,10
"PKLE",563,31.25,24,8.5
"PKLE",564,50.25,30.5,13
"PKLE",565,24.25,24,6
"PKLE",566,32.25,35,12
"PKLE",567,39.75,22,11
"PKLE",569,52.25,30.5,9
"PKLE",570,40,24,12
"PKLE",571,NA,NA,NA
"PKLE",572,34.5,24.5,10
"PKLE",573,33.25,30,10
"PKLE",574,34,20.5,11
"PKLE",576,38,22.5,7.5
"PKLE",577,45.25,22.5,4.5
"PKLE",578,36.75,32,9
"PKLE",579,NA,NA,NA
"PKLE",580,42.65,28,11.5
"PKLE",581,32.05,30,10
"PKLE",583,47.5,18.5,7
"PKLE",584,58.75,25.5,8.5
"PKLE",585,28.75,19,8
"PKLE",586,41.75,28.5,12.5
"PKLE",588,NA,NA,NA
"PKLE",589,40.5,36,14
"PKLE",592,39.5,28,8.5
"PKLE",593,30.25,22,7.5
"PKLE",594,45.75,24,9
"PKLE",595,45.5,15,5
"PKLE",596,42.5,21,8.5
"PKLE",597,NA,NA,NA
"PKLE",598,25.95,18.5,8.5
"PKLE",599,35.175,26.5,11.5
"PKLE",600,38.575,29.75,12
"PKLE",601,44.75,46.5,17
"PKLE",602,56.5,32.5,10
"PKLE",603,28.5,16,8
"PKLE",604,41.5,31,10
"PKLE",605,50,20,7
"PKLE",606,52.5,33.5,15.5
"PKLE",608,40.25,24,11.5
"PKLE",609,40.5,27,12
"PKLE",610,42.5,14.5,6
"PKLE",611,48,26,11
"PKLE",612,26.75,25,13
"PKLE",613,30.25,17.5,9
"PKLE",614,52,9.5,22
"PKLE",618,44,29,15
"PKLE",619,43.75,27.5,10.5
"PKLE",620,45,22,8.5
"PKLE",621,37,31,11
"PKLE",622,50,29,13.5
"PKLE",623,NA,NA,NA
"PKLE",624,NA,NA,NA
"PKLE",625,39.4,19.5,9.5
"PKLE",627,36.75,12.5,4.5
"PKLE",628,44,29,12.5
"PKLE",629,44.25,39.5,14
"PKLE",630,NA,NA,NA
"PKLE",632,45.1,26,13
"PKLE",633,33.25,28,8.5
"PKLE",634,45,35,11.5
"PKLE",635,44,29,9.5
"PKLE",636,40.5,11.5,5
"PKLE",637,23,17,6.5
"PKLE",638,31.95,25,11.5
"PKLE",639,34.25,26,10.5
"PKLE",640,35,29,12
"PKLE",641,38,20,7.5
"PKLE",642,44.5,22,10
"PKLE",643,30.5,17.5,7.5
"PKLE",644,40.5,25.5,10.5
"PKLE",645,NA,NA,NA
"PKLE",647,35,19,6.5
"PKLE",648,34.075,28.75,11.5
"PKLE",649,32.5,23,7.5
"PKLE",652,NA,NA,NA
"PKLE",654,44.7,19.5,9
"PKLE",655,32,27.5,8.5
"PKLE",656,45,35.5,9
"PKLE",657,41.75,17,7
"PKLE",658,53.25,24,10.5
"PKLE",660,32,24,10.5
"PKLE",661,30.5,20,10.5
"PKLE",663,35.75,25,8.5
"PKLE",664,48.75,18,6.5
"PKLE",666,41,22.5,5.5
"PKLE",667,45.75,24.5,11
"PKLE",668,47,18.5,6
"PKLE",669,27,24.5,8.5
"PKLE",670,56,21.5,8
"PKLE",671,NA,NA,NA
"PKLE",672,36,18.5,8
"PKLE",673,30,16.5,8.5
"PKLE",674,45,30,11
"PKLE",675,39.25,24,8
"PKLE",677,44.775,22,9.25
"PKLE",679,51.75,14.5,7.5
"PKLE",680,28.75,22.5,7
"PKLE",681,51.3,28,10.5
"PKLE",682,32.75,21,7.5
"PKLE",683,34,29,11.5
"PKLE",684,53.5,38,12
"PKLE",685,34.25,17.5,9
"PKLE",686,43,25,11.5
"PKLE",689,32.5,23,7
"PKLE",690,25.5,29,8.5
"PKLE",691,44.25,23,10.5
"PKLE",692,43.25,25.5,9.5
"PKLE",693,42.5,26,5.5
"PKLE",694,42.75,19.5,10.5
"PKLE",695,34.5,24,9.5
"PKLE",696,48.5,14.5,6.5
"PKLE",697,32.5,17,8
"PKLE",698,37.4,22.5,12
"PKLE",699,42.75,32,13.5
"PKLE",700,NA,NA,NA
"PKLE",702,34,21,9
"PKLE",703,32.5,16,8.5
"PKLE",704,43.45,33,15.5
"PKLE",705,38,20,8.5
"PKLE",706,30.75,15.5,8.5
"PKLE",707,NA,NA,NA
"PKLE",708,30.75,28,9
"PKLE",710,42.9,30.5,14
"PKLE",711,40.5,27,10.5
"PKLE",712,23.25,19.5,6
"PKLE",713,33.25,20.5,11
"PKLE",714,28,12,2.5
"PKLE",715,35.75,28,9.5
"PKLE",716,41.5,25,9
"PKLE",718,39.475,22.75,9.75
"PKLE",719,49.5,28.5,9.5
"PKLE",720,50,22,7
"PKLE",721,45.5,19.5,6.5
"PKLE",722,45,10.5,9
"PKLE",723,40.25,35,10.5
"PKLE",724,NA,NA,NA
"PKLE",725,33,26,12
"PKLE",726,41.5,28.5,11.5
"PKLE",729,34.25,17.5,6.5
"PKLE",730,41.75,17.5,7.5
"PKLE",731,NA,NA,NA
"PKLE",732,39.75,26,9
"PKLE",733,49.5,18,6
"PKLE",734,52.5,35,7.5
"PKLE",735,45.5,31.5,11
"PKLE",736,38,29,11.5
"PKLE",737,27,23.5,7
"PKLE",738,45,25.5,11
"PKLE",739,33,22,9.5
"PKLE",740,48,35.5,13.5
"PKLE",742,38.25,22.5,8.5
"PKLE",743,NA,NA,NA
"PKLE",744,NA,NA,NA
"PKLE",745,49,17,7.5
"PKLE",746,36.5,25,10.5
"PKLE",748,52.5,26,13.5
"PKLE",749,39.25,21.5,12.5
"PKLE",750,25.8,18.5,9
"PKLE",751,39.75,26.5,9
"PKLE",752,35,17,8
"PKLE",753,46.75,31.5,12.5
"PKLE",755,37.5,25,8.5
"PKLE",756,29.75,20.5,10.5
"PKLE",757,45.25,18.5,6.5
"PKLE",758,20.5,19,9.5
"PKLE",759,39,29.5,11.5
"PKLE",760,43.75,33,4.5
"PKLE",761,39,19,8
"PKLE",762,50.2,30.5,13
"PKLE",763,NA,NA,NA
"PKLE",764,45.25,23,11
"PKLE",765,51.25,24.5,10
"PKLE",766,27.5,21.5,10
"PKLE",767,44.5,21,7.5
"PKLE",768,34,27,10
"PKLE",769,35.05,20,9.5
"PKLE",770,33.75,30,9
"PKLE",771,NA,NA,NA
"PKLE",772,46.5,15.5,5
"PKLE",773,46.25,22,11
"PKLE",774,35.6,21.5,8
"PKLE",775,34.25,24,10.5
"PKLE",776,29.75,24,7
"PKLE",777,NA,NA,NA
"PKLE",778,29.5,21,8
"PKLE",779,27.75,17.5,9.5
"PKLE",780,60,26.5,9
"PKLE",781,36.25,21.5,9.5
"PKLE",782,32.5,23.5,10
"PKLE",783,51.5,32.5,10
"PKLE",784,NA,NA,NA
"PKLE",785,43.5,30,10
"PKLE",786,24,23,6.5
"PKLE",787,NA,NA,NA
"PKLE",788,33.5,31.5,11.5
"PKLE",789,46.5,22,9.5
"PKLE",790,NA,NA,NA
"PKLE",792,NA,NA,NA
"PKLE",794,31.65,23,9
"PKLE",795,35,30,10.5
"PKLE",796,44.75,23.5,8
"PKLE",797,38.4,22,11.5
"PKLE",799,52.5,28.5,11.5
"PKLE",800,27,28.5,7.5
"PKLE",801,43,23,11
"PKLE",802,33.5,35.5,10.5
"PKLE",803,32.7,24.5,9
"PKLE",804,36.5,19.5,10
"PKLE",805,37,32,8.5
"PKLE",806,34,29,8.5
"PKLE",808,32.5,24,8.5
"PKLE",809,40.5,32.5,12.5
"PKLE",810,36,32.5,10.5
"PKLE",811,26.5,25.5,9
"PKLE",812,NA,NA,NA
"PKLE",813,27.25,19,10.5
"PKLE",814,50.25,18.5,8
"PKLE",815,30.4,22.5,9.5
"PKLE",816,40,27.5,11
"PKLE",817,NA,NA,NA
"PKLE",818,51.5,29.5,12
"PKLE",819,NA,NA,NA
"PKLE",820,NA,NA,NA
"PKLE",821,41.5,25.5,11.5
"PKLE",822,33.25,25,11
"PKLE",823,NA,NA,NA
"PKLE",824,32.5,33,9
"PKLE",825,34.25,26,9.5
